conditionId,eventKey,title,discipline,marketType,signalTimestamp,signalTime,resolutionTimestamp,resolutionSource,gameStartTimestamp,minutesToStart,pregame,outcome,winner,won,triggerPrice,concentration,signalGrossBuyUsdc,signalOutcomeGrossBuyUsdc,signalOutcomeNetBuyUsdc,closedCostBasisUsdc,realizedPnlUsdc,depositLagSeconds,depositUsdc,preSignalMark,preSignalMarkStalenessSeconds,preMomentum60,preMomentum300,preMomentum900,externalFlow60,externalFlow300,externalFlow900,alignedLeaderCount,largestLeaderUsdc,largestLeaderLeadSeconds,signalOutcomeTakerBuyUsdc,signalOutcomeMakerBuyUsdc,makerShareBeforeSignal,triggerFillUsdc,triggerFillShare,takerBurst60Usdc,takerBurst300Usdc,takerBurst900Usdc,takerBurst60Share,takerBurst300Share,signalAgeSeconds,takerRampSeconds,makerProbeSeconds,takerBuyFills,makerBuyFills,priorSellUsdc,takerWeightedPrice,takerPriceDrift,executionMark15,executionWait15,markout15,alignedExecutionMark15,alignedExecutionWait15,executionMark30,executionWait30,markout30,alignedExecutionMark30,alignedExecutionWait30,executionMark60,executionWait60,markout60,alignedExecutionMark60,alignedExecutionWait60,executionMark120,executionWait120,markout120,alignedExecutionMark120,alignedExecutionWait120,executionMark300,executionWait300,markout300,alignedExecutionMark300,alignedExecutionWait300,markout900
0x8b9176d24ac65c3ec55f5113c290b7ce97dc026dc506db9f1444879ffcdadd6d,2026-06-19|team falcons|vitality,Counter-Strike: Vitality vs Team Falcons (BO3) - IEM Cologne Major Playoffs,Counter-Strike,series winner,1781894228,2026-06-19T18:37:08+00:00,1781917787,gammaClosedTime,1781897100.0,47.86666666666667,1,Team Falcons,Team Falcons,1,0.32,1.0,32726.316800000004,32726.316800000004,32726.316800000004,124355.32521940001,258443.3228,184,73006.093357,0.32,5,0.009999999600000031,0.010000000000000009,0.020000000000000018,-0.5709744772448795,0.3889445191763105,0.3829077659982228,6,7360.0,171.0,32726.316800000004,0.0,0.0,32726.316800000004,1.0,32726.316800000004,32726.316800000004,32726.316800000004,1.0,1.0,0,0,,1,0,0.0,0.32,0.0,0.3299999959,2.0,0.009999995900000003,0.3299999959,2.0,0.32000003629999996,2.0,3.629999995036215e-08,0.3299999812,3.0,0.32999998635,0.0,0.00999998634999999,0.32999998635,0.0,0.3299999922,0.0,0.009999992199999974,0.3299999922,0.0,0.3099999008,0.0,-0.010000099200000001,0.3099999008,0.0,3.1299999980749504e-08
0xba8426be65e07294ace564de4163c136fd1eb5bfdcb8888aa7df174173da583e,2026-06-20|aurora gaming|furia,Counter-Strike: Aurora Gaming vs FURIA (BO3) - IEM Cologne Major Playoffs,Counter-Strike,series winner,1781966873,2026-06-20T14:47:53+00:00,1781977264,gammaClosedTime,1781963100.0,-62.88333333333333,0,FURIA,FURIA,1,0.82,1.0,44630.97999614,44630.97999614,44630.97999614,44903.3993122,11662.0866,75,25228.003071,0.8100000001000001,8,-0.00999999439999999,-0.00999999439999999,0.06999999040000005,-0.6219734828295563,-0.828493427237993,0.11204937924031344,8,24599.9918,522.0,44630.97999614,0.0,0.0,25084.62,0.562045019001812,25084.62,39718.37999714,39718.37999714,0.562045019001812,0.8899284757039869,5202,5202,,3,0,0.0,0.7881890380862923,0.03181096191370769,0.8200000000000001,2.0,1.1102230246251565e-16,0.8200000000000001,2.0,0.81,0.0,-0.009999999999999898,0.8199999984,5.0,0.8100000056,5.0,-0.00999999439999999,0.8199999993,11.0,0.8100000119999999,5.0,-0.009999988000000015,0.82,8.0,0.8100000735,5.0,-0.009999926499999923,0.819999977,56.0,-0.07999999999999996
0xa90ce8b69a218dced329076162df3b79f99596d1dc71d93bd30a64a2c8b6ba3e,0xa90ce8b69a218dced329076162df3b79f99596d1dc71d93bd30a64a2c8b6ba3e,Will Ecuador win on 2026-06-20?,Soccer,outright,1782003958,2026-06-21T01:05:58+00:00,1782007700,gammaClosedTime,1782000000.0,-65.96666666666667,0,No,No,1,0.3272879613,1.0,26183.036904,26183.036904,26183.036904,28563.041458800002,56866.0224,17234,27993.00079,0.3100000044,1,4.399999975479574e-09,0.02000000419999992,0.029999958300000018,-0.8490968687818828,0.74738270142011,0.7226093021706399,6,71021.4876021,6.0,26183.036904,0.0,0.0,26183.036904,1.0,26183.036904,26183.036904,26183.036904,1.0,1.0,0,0,,1,0,0.0,0.3272879613,0.0,0.3100000128,0.0,-0.017287948499999983,0.32,3.0,0.310000001,0.0,-0.01728796029999996,0.32,0.0,0.3100002795,0.0,-0.01728768180000001,0.31999999999999995,7.0,0.3200000003,4.0,-0.0072879610000000095,0.3313760426,7.0,0.33999999999999997,0.0,0.012712038699999983,0.35,4.0,0.0927120286
0xcdd98374f37c1b588cebd7bc4b217898de6875793bec66708f3964cef7fa6864,2026-06-24|harold mayot|wimbledon qualification atp alejandro moro canas,"Wimbledon, Qualification ATP: Alejandro Moro Canas vs Harold Mayot",Tennis,match winner,1782323732,2026-06-24T17:55:32+00:00,1782326012,gammaClosedTime,1782317700.0,-100.53333333333333,0,Alejandro Moro Canas,Alejandro Moro Canas,1,0.862754196,1.0,53898.64520133735,53898.64520133735,53898.64520133735,115167.52944172,22015.0436,3412,68041.442684,0.85,8,0.11499999999999999,0.1800000397,0.19000000000000006,-0.5963943988037568,-0.7528730966942102,0.18314076829951548,1,5392.2137250000005,816.0,53898.64520133735,622.5245329999,0.011418033326013476,32590.61740177764,0.6046648720025525,32636.787401777638,53898.64520133735,53898.64520133735,0.6055214798046138,1.0,63,63,61.0,3,5,0.0,0.8037902451612527,0.05896395083874728,0.8599999968,9.0,-0.0027541991999999738,0.8599999968,9.0,0.859999656,6.0,-0.002754540000000083,0.859999656,6.0,0.9103535068,26.0,0.047599310800000016,0.9103535068,26.0,0.9187371134,32.0,0.05598291739999994,,,0.89,18.0,0.027245803999999985,0.9114285714,59.0,0.13624580399999997
0x8706fcec3f5b2710dfab9071c442cc49979215700b3d1a217be994a25fe94fe1,2026-06-24|storm hunter|wimbledon qualification wta aliaksandra sasnovich,"Wimbledon, Qualification WTA: Aliaksandra Sasnovich vs Storm Hunter",Tennis,match winner,1782324329,2026-06-24T18:05:29+00:00,1782327274,gammaClosedTime,1782317100.0,-120.48333333333333,0,Aliaksandra Sasnovich,Aliaksandra Sasnovich,1,0.7639841496,1.0,54711.31150292724,54711.31150292724,54711.31150292724,753799.95974708,246047.2368,4009,68041.442684,0.715000018,8,0.005000043400000043,-0.21499998200000003,-0.20999998200000003,-0.26151982065177576,-0.6918507083536631,-0.4817098987098484,3,2035.2537745344002,78.0,54711.31150292724,0.0,0.0,54711.31150292724,1.0,54711.31150292724,54711.31150292724,54711.31150292724,1.0,1.0,0,0,,1,0,0.0,0.7639841496,0.0,0.79,0.0,0.026015850399999985,0.79,0.0,0.8,3.0,0.036015850399999993,0.81,6.0,0.72255751015,2.0,-0.041426639450000025,0.6499999943,3.0,0.55,6.0,-0.2139841496,0.5599999558,9.0,0.72,8.0,-0.04398414960000008,0.7299999872,11.0,0.23501585039999995
0x649bd3dc845f647aa8c9a739ad8de245b853224961afd01127de0071c13f84b3,0x649bd3dc845f647aa8c9a739ad8de245b853224961afd01127de0071c13f84b3,Will Morocco win on 2026-06-24?,Soccer,outright,1782339970,2026-06-24T22:26:10+00:00,1782346756,gammaClosedTime,1782338400.0,-26.166666666666668,0,Yes,Yes,1,0.5282573835,1.0,88441.6224013499,88441.6224013499,88441.6224013499,90254.67493587999,78081.432,51,90229.501724,0.5199999994,1,3.999999997894577e-09,-0.04500000059999998,-0.010000000600000059,0.8547598905088071,0.0976040162477334,0.3357262468596643,41,119605.44531989754,75.0,88441.6224013499,0.0,0.0,88441.6224013499,1.0,88441.6224013499,88441.6224013499,88441.6224013499,1.0,1.0,0,0,,1,0,0.0,0.5282573835,0.0,0.51,0.0,-0.018257383499999946,0.51,0.0,0.5099999898,1.0,-0.018257393699999902,0.5099999898,1.0,0.5,0.0,-0.028257383499999955,0.5,0.0,0.48,0.0,-0.04825738349999997,0.48,0.0,0.4699999773,0.0,-0.05825740619999997,0.4699999773,0.0,0.1286012513
0xc9742c7e9339fd79d47f12eee13eedc9c0734c29929d88c2ed3b2ea3c5ea6bd2,2026-06-26|andrej nedic|targu mures felix balshaw,Targu Mures: Felix Balshaw vs Andrej Nedic,Tennis,match winner,1782468137,2026-06-26T10:02:17+00:00,1782473435,gammaClosedTime,1782464700.0,-57.28333333333333,0,Felix Balshaw,Felix Balshaw,1,0.7547355808,1.0,27531.433200317602,27531.433200317602,27531.433200317602,29463.082775099996,9236.4149,172,29465.131521,0.7349999848,2,0.11499998479999995,0.11499998479999995,0.1749999847999999,0.49554723473526363,-0.6132954201924634,-0.20139480428848716,1,4647.308540127134,573.0,27531.433200317602,1459.96,0.050358393952036985,27531.433200317602,1.0,27531.433200317602,27531.433200317602,27531.433200317602,1.0,1.0,0,0,0.0,1,1,0.0,0.7547355808,0.0,0.74,0.0,-0.014735580800000037,0.73,12.0,0.7004983418499999,0.0,-0.0542372389500001,0.699999972,8.0,0.69,5.0,-0.06473558080000008,0.6899999564,8.0,0.7817460351,0.0,0.02701045429999993,0.79,53.0,0.7756097715,17.0,0.02087419069999996,0.79,44.0,-0.004735580800000028
0x16c962f9ea2ceec16839546ce67597b758fae7cf3d43167e769b296712021a38,2026-06-26|power rangers|team bald,Dota 2: Power Rangers vs Team Bald (BO3) - The International Europe Closed Qualifier Playoffs,Dota 2,series winner,1782489701,2026-06-26T16:01:41+00:00,1782508192,gammaClosedTime,1782493200.0,58.31666666666667,1,Team Bald,Power Rangers,0,0.4154830206,1.0,32286.191902380466,32286.191902380466,32286.191902380466,115292.67060608,-115292.6706,1426,237182.363689,0.41000000000000003,44,0.010000000000000009,0.030000000000000027,0.020000096400000056,0.8738049713193117,-0.8616025927408529,-0.8205686716139512,1,1017.9334004699999,45.0,32286.191902380466,16060.457324983061,0.3321938041549541,19061.9455021074,0.5904055070893003,19061.9455021074,22631.628302465895,32286.191902380466,0.5904055070893003,0.7009692679425987,834,834,834.0,3,62,0.0,0.40876074044404914,0.006722280155950833,,,,,,,,,,,0.38,51.0,-0.03548302059999997,0.38,51.0,0.3700000025,0.0,-0.045483018099999994,0.38,29.0,0.4,0.0,-0.015483020599999953,0.41,2.0,-0.05548302059999999
0x2a0e8ce7c309ec8015c4c721dec574ff100b0512ef412a54bb733dc5bef740dc,0x2a0e8ce7c309ec8015c4c721dec574ff100b0512ef412a54bb733dc5bef740dc,Will Brazil win on 2026-07-05?,Soccer,outright,1783279450,2026-07-05T19:24:10+00:00,1783289743,gammaClosedTime,1783281600.0,35.833333333333336,1,No,No,1,0.46,1.0,36404.88339903865,36404.88339903865,36404.88339903865,62654.28044478,71249.4718,30,62096.049657,0.44999999999999996,1,-0.005000009450000009,-7.300000048893196e-09,-1.9300000042576926e-08,-0.24163959598341822,0.17274328318132406,-0.9251187654498907,1,7639.999999460001,281.0,61445.81139903865,0.0,0.0,35849.7734,0.5834372202717936,60890.701400000005,61445.81139903865,61445.81139903865,0.9909658610343076,1.0,86,86,,3,0,0.0,0.45999999999819313,1.8068879725774423e-12,0.44999999999999996,0.0,-0.010000000000000064,0.45999999999999996,6.0,0.45000000409999996,0.0,-0.009999995900000058,0.45999999999999996,16.0,0.44999999999999996,1.0,-0.010000000000000064,0.45999999999999996,16.0,0.4500000138,1.0,-0.009999986200000033,0.45999999999999996,15.0,0.45499999999999996,3.0,-0.00500000000000006,0.45999999999999996,3.0,-5.551115123125783e-17
0x89ab30a18e87b65cfbfce393abbcc2e55543c75c217aec05a5e44f27278c9666,2026-07-06|alexandra eala|wimbledon wta jasmine paolini,Wimbledon WTA: Jasmine Paolini vs Alexandra Eala,Tennis,match winner,1783346036,2026-07-06T13:53:56+00:00,1783351944,gammaClosedTime,1783341600.0,-73.93333333333334,0,Alexandra Eala,Jasmine Paolini,0,0.29,1.0,28113.460296772857,28113.460296772857,28113.460296772857,30035.28629808,-30037.5981,28,18285.929311,0.28000002739999996,2,2.7399999935617814e-08,-0.13499997260000007,-0.019999972600000082,0.6142459161553954,-0.6988262058859092,-0.4072140158414628,0,0.0,,28113.460296772857,0.0,0.0,6312.978099999999,0.22455357801418227,16582.6089,16582.6089,16582.6089,0.5898458860968999,0.5898458860968999,3028,3028,,7,0,0.0,0.3198447525249895,-0.029844752524989526,0.28500000000000003,0.0,-0.004999999999999949,0.29,0.0,0.28000000150000004,15.0,-0.00999999849999994,0.25,35.0,0.25,5.0,-0.03999999999999998,0.25,5.0,0.28500000000000003,8.0,-0.004999999999999949,0.28500000000000003,8.0,0.3599999938,3.0,0.0699999938,0.3599999938,3.0,0.07
0xcfd05b8542186b65050be56282039a00a5099d36b956408b440cddac4bff1f96,2026-07-06|linda noskova|wimbledon wta madison keys,Wimbledon WTA: Madison Keys vs Linda Noskova,Tennis,match winner,1783352146,2026-07-06T15:35:46+00:00,1783358126,gammaClosedTime,1783350300.0,-30.766666666666666,0,Madison Keys,Linda Noskova,0,0.570398641,1.0,75224.95410004957,75224.95410004957,75224.95410004957,78892.24365399,-78900.793,24,60423.303191,0.56,1,-0.029999999999999916,-0.05999998639999993,-0.009999995799999994,-0.7748403700553899,-0.37095903183777357,-0.4161233612290125,5,12480.514325717606,68.0,75224.95410004957,0.0,0.0,57039.864100000006,0.7582572137450121,57039.864100000006,57039.864100000006,57039.864100000006,0.7582572137450121,0.7582572137450121,1307,1307,,2,0,0.0,0.5626992071168255,0.007699433883174511,0.55,0.0,-0.020398640999999995,0.565,1.0,0.5800000023,0.0,0.0096013613,0.5953125,3.0,0.61,0.0,0.03960135899999995,0.61,0.0,0.61,0.0,0.03960135899999995,0.61,0.0,0.58,6.0,0.00960135899999992,0.5800000000000001,6.0,-0.25039864100000003
0xaa9814ea10240748005552c1a0cb9327defe6ecef2af432607a697cd87e75031,2026-07-06|arthur fery|wimbledon atp grigor dimitrov,Wimbledon ATP: Grigor Dimitrov vs Arthur Fery,Tennis,match winner,1783356359,2026-07-06T16:45:59+00:00,1783367489,gammaClosedTime,1783351200.0,-85.98333333333333,0,Arthur Fery,Arthur Fery,1,0.3,1.0,32908.6322,32908.6322,32908.6322,151347.30305678,330128.1063,625,151002.649091,0.3,8,0.009999999999999953,0.0,-0.18,-0.9756890788341633,-0.5535086952488458,-0.2549177864963466,3,6007.5,484.0,32908.6322,6863.361374288196,0.17256769795731897,20717.067,0.6295329102131446,20717.067,32908.6322,32908.6322,0.6295329102131446,1.0,165,165,135.0,3,13,0.0,0.29621592238910277,0.0037840776108972185,0.29000000000000004,0.0,-0.009999999999999953,0.299999925,41.0,0.29000000000000004,0.0,-0.009999999999999953,0.299999925,26.0,0.30000000000000004,0.0,5.551115123125783e-17,0.3,2.0,0.31000005750000004,0.0,0.010000057500000048,0.32,6.0,0.29000002979999995,2.0,-0.009999970200000041,0.3,6.0,-0.12999999999999995
0x84ceac327b0b2a76ced4315420c9f1ad695512b456c6ee565f134fc82384ffc3,2026-07-06|alexander bublik|wimbledon atp taylor fritz,Wimbledon ATP: Taylor Fritz vs Alexander Bublik,Tennis,match winner,1783358555,2026-07-06T17:22:35+00:00,1783365752,gammaClosedTime,1783357200.0,-22.583333333333332,0,Taylor Fritz,Taylor Fritz,1,0.5,1.0,28516.351000000002,28516.351000000002,28516.351000000002,203425.2398946,-164081.7375,138,164491.793458,0.49,2,-4.400000030990725e-09,-0.15500001085000004,-0.20999999999999996,0.564154887963191,-0.6694155536267049,-0.6456009522343054,3,9078.460000000001,16.0,28516.351000000002,231.54709299438622,0.00805440078594171,14700.85,0.5155235324463497,28516.351000000002,28516.351000000002,28516.351000000002,1.0,1.0,33,33,31.0,2,9,0.0,0.4951047631283791,0.004895236871620912,0.51,5.0,0.010000000000000009,0.51,5.0,0.5199999813,0.0,0.019999981300000025,0.5199999813,0.0,0.5499999927,3.0,0.049999992699999996,0.5499999927,3.0,0.5986805082,3.0,0.09868050819999996,0.5986805082,3.0,0.68,2.0,0.18000000000000005,0.68,2.0,0.17999999840000003
0x3c995fa852613961df5b34fc1b2d14eb6850145f5d28d349d1622f4ed8cd84ca,2026-07-06|portugal|spain team to advance,Portugal vs. Spain: Team to Advance,Soccer,team to advance,1783365845,2026-07-06T19:24:05+00:00,1783372646,gammaClosedTime,1783364400.0,-24.083333333333332,0,Spain,Spain,1,0.65,1.0,78913.96500000001,78913.96500000001,78913.96500000001,377333.69183585997,100160.5591,7428,164491.793458,0.6450000004,0,0.0049999949000000266,0.0050000004000000375,0.014999993400000022,-0.5206148810790662,0.30181119471521445,0.29051251475260625,14,15114.885499999999,801.0,78913.96500000001,0.0,0.0,78913.96500000001,1.0,78913.96500000001,78913.96500000001,78913.96500000001,1.0,1.0,0,0,,1,0,0.0,0.65,0.0,0.6499999935,2.0,-6.499999982700899e-09,0.6499999935,2.0,0.64,0.0,-0.010000000000000009,0.64,0.0,0.64,2.0,-0.010000000000000009,0.64,2.0,0.64,0.0,-0.010000000000000009,0.64,0.0,0.65,0.0,0.0,0.6599999853,2.0,0.0
0x47a079b62e331859854eedaa3bddbfb41f3f8ed4063481ba956a6ed29b61bb88,0x47a079b62e331859854eedaa3bddbfb41f3f8ed4063481ba956a6ed29b61bb88,Will Portugal win on 2026-07-06?,Soccer,outright,1783371838,2026-07-06T21:03:58+00:00,1783372421,gammaClosedTime,1783364400.0,-123.96666666666667,0,No,No,1,0.999,1.0,99900.0,99900.0,99900.0,104109.786,101.1917,13421,164491.793458,0.998,2,-0.0010000000000000009,-0.0010000000000000009,0.10799995210000002,0.9961343358383726,-0.2553449999637653,-0.2636099168776147,38,449550.0,30.0,99900.0,0.0,0.0,99900.0,1.0,99900.0,99900.0,99900.0,1.0,1.0,0,0,,1,0,0.0,0.999,0.0,0.9984999999999999,0.0,-0.000500000000000056,0.999,0.0,0.999,22.0,0.0,0.999,52.0,0.999,0.0,0.0,0.999,22.0,0.999,4.0,0.0,0.999,4.0,,,,,,
0x66675d1b23cd5f411eddc3ed949aff6a8e8ed3daa95438a5e8b3d9d3790aa996,2026-07-09|cincinnati reds|philadelphia phillies,Philadelphia Phillies vs. Cincinnati Reds,MLB,match winner,1783642483,2026-07-10T00:14:43+00:00,1783647925,gammaClosedTime,1783638600.0,-64.71666666666667,0,Cincinnati Reds,Philadelphia Phillies,0,0.41,1.0,28530.247699999996,28530.247699999996,28530.247699999996,31273.968935099998,-31275.0842,65,31224.100891,0.4,1,-0.010000000000000009,-0.030000000000000027,-0.030000015199999952,-0.8806817344152699,-0.037736803400674236,-0.0354138670488433,1,5187.705185979999,248.0,28530.247699999996,91.26349599291133,0.003188633030868352,14977.410699999999,0.5249660240419154,28530.247699999996,28530.247699999996,28530.247699999996,1.0,1.0,47,47,44.0,2,8,0.0,0.4099999999999999,5.551115123125783e-17,0.4099999446,12.0,-5.5399999976391e-08,0.4099999446,12.0,0.4,15.0,-0.009999999999999953,,,0.4,15.0,-0.009999999999999953,,,0.40973038,3.0,-0.00026961999999997044,0.40973038,3.0,0.49,7.0,0.08000000000000002,0.49,7.0,0.020000000000000018
0x7e6a99d23ee6beff337091fc92ecac6f2d8810aa899eb70b7488b72d5abbb052,2026-07-10|belgium team to advance|spain,Spain vs. Belgium: Team to Advance,Soccer,team to advance,1783707949,2026-07-10T18:25:49+00:00,1783718294,gammaClosedTime,1783710000.0,34.18333333333333,1,Spain,Spain,1,0.73,1.0,26874.701275,26874.701275,26874.701275,27306.702224099998,9541.7208,44,25315.781482,0.7299999994,5,1.7399999996392523e-08,0.002499997500000073,-0.007499970599999961,0.9830341960480284,0.7303708349966893,-0.42864347203343384,13,17816.9491518,834.0,26874.701275,0.0,0.0,24905.9283,0.9267425168803108,24905.9283,24905.9283,24905.9283,0.9267425168803108,0.9267425168803108,3993,3993,,2,0,0.0,0.7312541433660431,-0.0012541433660431256,0.7299999998,16.0,-2.000000165480742e-10,0.7299999998,16.0,0.7299999998,1.0,-2.000000165480742e-10,0.7299999998,1.0,0.7275000241,6.0,-0.002499975899999951,0.7299999998,7.0,0.7299999974,1.0,-2.5999999930803597e-09,0.7299999974,1.0,0.73,7.0,0.0,0.73,7.0,-0.002499997499999962
0x0891e4792a016a079765dd25029639cd731f7dc0bde3d65d6002b2b19dae2777,2026-07-12|argentina|switzerland team to advance,Argentina vs. Switzerland: Team to Advance,Soccer,team to advance,1783813997,2026-07-11T23:53:17+00:00,1783828693,gammaClosedTime,1783818000.0,66.71666666666667,1,Switzerland,Argentina,0,0.2475,1.0,28561.354450000003,28561.354450000003,28561.354450000003,36336.92989212,-36348.3646,16,12677.259609,0.24500000060000005,0,-1.5999999103399887e-09,-0.004999999399999955,-0.004999999399999955,-0.1262356777818715,-0.7003113386776931,-0.6065087823588091,5,4424.1008181975,168.0,28561.354450000003,0.0,0.0,12106.26945,0.423868884481422,12106.26945,12106.26945,12106.26945,0.423868884481422,0.423868884481422,2142,2142,,4,0,0.0,0.24893418731025768,-0.001434187310257684,0.24500000720000004,0.0,-0.0024999927999999616,0.2474999985,12.0,0.24500000349999995,0.0,-0.0024999965000000457,0.2474999999,0.0,0.24625000020000004,3.0,-0.0012499997999999568,0.2474999823,3.0,0.24375000165,2.0,-0.0037499983500000056,0.2474999944,2.0,0.24250000029999996,3.0,-0.004999999700000035,0.244999986,15.0,-0.004999999999999949
0xc851fc5ae688d3d67bccb7c8f0ca475f61ebda796cfcddca7230042de6b48cfd,2026-07-11|conor mcgregor welterweight main card|ufc 329 max holloway,"UFC 329: Max Holloway vs. Conor McGregor (Welterweight, Main Card)",Other sports,match winner,1783822306,2026-07-12T02:11:46+00:00,1783830446,gammaClosedTime,1783807200.0,-251.76666666666668,0,Conor McGregor,Max Holloway,0,0.29,1.0,28999.999999999996,28999.999999999996,28999.999999999996,40958.26924657,-40965.3007,50,63351.685572,0.2899999964,2,0.009999995600000033,-3.5999999647984282e-09,-1.699999974125177e-09,0.9974121584157989,0.8998815462861639,0.9152372171810476,6,22550.5421,411.0,28999.999999999996,0.0,0.0,28999.999999999996,1.0,28999.999999999996,28999.999999999996,28999.999999999996,1.0,1.0,0,0,,1,0,0.0,0.29,0.0,0.29,0.0,0.0,0.29,0.0,0.299999997,0.0,0.009999997000000038,0.299999997,0.0,0.299999955,0.0,0.009999955000000005,0.299999955,0.0,0.299999982,3.0,0.009999982000000018,0.299999982,3.0,0.3,7.0,0.010000000000000009,0.3,7.0,0.009999974300000047
0x5ab734f8e6547d4e66e3f10089abc60b9b1b1cbb58368d4428ace148c02df4cd,2026-07-12|9z|parivision,Counter-Strike: 9z vs PARIVISION (BO5) - XSE Pro League Playoffs,Counter-Strike,series winner,1783830757,2026-07-12T04:32:37+00:00,1783863103,gammaClosedTime,1783844400.0,227.38333333333333,1,PARIVISION,9z,0,0.49,1.0,51921.170501106244,31169.1623,31169.1623,153280.0684854,-130858.8831,8501,63351.685572,0.48000010790000003,50,0.010000053499999995,0.040000085500000004,0.010000107900000055,-1.0,0.8991579271134017,0.4960786351706616,3,2830.73,705.0,31169.1623,17.385919999735826,0.0005574813819435889,5230.1865,0.16780003420239498,5230.1865,31169.1623,31169.1623,0.16780003420239498,1.0,885,273,104.0,5,2,0.0,0.47716675505026535,0.012833244949734646,0.4900000295,18.0,2.949999999835029e-08,0.5,21.0,0.4900000295,3.0,2.949999999835029e-08,0.5,6.0,0.48000000470000004,10.0,-0.009999995299999953,,,0.4800000166,1.0,-0.009999983399999968,,,0.4800000166,34.0,-0.009999983399999968,,,
0xb96585ac41b808bac0bcfa00f39a92990c64dc413804368c7191ad4e1cd299a5,2026-07-12|alexander zverev|wimbledon atp jannik sinner,Wimbledon ATP: Jannik Sinner vs Alexander Zverev,Tennis,match winner,1783832717,2026-07-12T05:05:17+00:00,1783884530,gammaClosedTime,1783868400.0,594.7166666666667,1,Alexander Zverev,Jannik Sinner,0,0.2,1.0,41682.074,41682.074,41682.074,211910.19052824,-211963.3744,381,126909.890346,0.19000000029999997,177,0.0,-1.000000082740371e-10,-1.1700000079883921e-08,,-1.0,-1.0,0,0.0,,41682.074,0.0,0.0,41682.074,1.0,41682.074,41682.074,41682.074,1.0,1.0,0,0,,1,0,0.0,0.2,0.0,0.19999999999999996,54.0,-5.551115123125783e-17,,,0.19999999999999996,39.0,-5.551115123125783e-17,,,0.19999999999999996,9.0,-5.551115123125783e-17,,,0.19999999999999996,6.0,-5.551115123125783e-17,,,0.21,39.0,0.009999999999999981,0.21,39.0,-5.551115123125783e-17
0xe3a20caed4d81a0d90aa0cbd95f438948a39701cf5beb2811b659155f140a90e,2026-07-13|indiana fever|las vegas aces,Indiana Fever vs. Las Vegas Aces,Basketball,match winner,1783904113,2026-07-13T00:55:13+00:00,1783913759,gammaClosedTime,1783904400.0,4.783333333333333,1,Indiana Fever,Indiana Fever,1,0.3699988773,1.0,117879.01751225963,117879.01751225963,117879.01751225963,326072.1752288,456883.9451,384,162369.030401,0.35,2,0.0,0.009999984199999923,8.199999956826076e-09,-1.0,-0.6574126917356912,-0.01102064515272029,2,1474.674925344426,423.0,136123.48271225963,2490.940296046432,0.017970282182664134,95568.84151225963,0.7020746134910083,113813.30671225963,136123.48271225963,136123.48271225963,0.8361033999757436,1.0,155,155,155.0,3,38,0.0,0.3652190373098771,0.0047798399901228805,0.36,15.0,-0.009998877299999986,0.36,15.0,0.36,0.0,-0.009998877299999986,0.36,0.0,0.36,3.0,-0.009998877299999986,0.3699998872,4.0,0.36499999495,22.0,-0.004998882349999956,0.3699999899,22.0,0.38,0.0,0.010001122700000031,0.39,6.0,0.05212193980000007
0xce91b499a719d5ecf858b030288d21286cd6ee86ee65377a17e07029d3a59bba,2026-07-13|la clippers|nba summer league utah jazz,NBA Summer League: Utah Jazz vs. LA Clippers,Basketball,match winner,1783911914,2026-07-13T03:05:14+00:00,1783916921,gammaClosedTime,1783908000.0,-65.23333333333333,0,Utah Jazz,LA Clippers,0,0.6596912721,1.0,79803.55809823393,79803.55809823393,79803.55809823393,481699.99763314007,-481736.7772,8185,162369.030401,0.6499999874,8,-1.2600000043327952e-08,0.019999987399999974,0.02700870649999998,-0.7237405247881173,-0.9241016614565296,-0.9891535589833074,0,0.0,,79803.55809823393,302040.0386270192,0.7910045925016395,65747.35219814543,0.8238649223786981,65747.35219814543,67832.36369814542,79803.55809823393,0.8238649223786981,0.8499917211040564,756,756,756.0,7,210,0.0,0.6657703202999498,-0.006079048199949755,0.659999824,0.0,0.0003085519000000092,0.659999824,0.0,0.64999998055,0.0,-0.009691291550000036,0.659999824,0.0,0.6699999955,0.0,0.010308723399999997,0.6699999955,0.0,0.6599999999999999,2.0,0.00030872789999991657,0.67,21.0,0.7047940135,0.0,0.045102741400000035,0.7047940135,0.0,-0.3096912721
0xaa23528a8f30c7566c04c7bcd513440dc2d7645ae383f27a876dec5dc4881282,0xaa23528a8f30c7566c04c7bcd513440dc2d7645ae383f27a876dec5dc4881282,Will Spain win on 2026-07-14?,Soccer,outright,1783914518,2026-07-13T03:48:38+00:00,1784064070,gammaClosedTime,1784055600.0,2351.366666666667,1,Yes,Yes,1,0.29,1.0,126955.92739999999,126955.92739999999,126955.92739999999,434441.30436063005,403063.162,10789,162369.030401,0.29,188,0.0,2.5699999961492637e-08,0.002499985199999999,,1.0,0.6298302587133013,0,0.0,,148999.92649999997,0.0,0.0,111736.75639999998,0.7499114867013039,148999.92649999997,148999.92649999997,148999.92649999997,1.0,1.0,0,0,,3,0,0.0,0.29,0.0,0.2899999945,12.0,-5.4999999554716794e-09,0.2899999945,12.0,0.2899999907,39.0,-9.299999992329333e-09,0.2899999907,39.0,0.2899999907,9.0,-9.299999992329333e-09,0.2899999907,9.0,0.28750000054999997,2.0,-0.0024999994500000122,0.2899999969,32.0,0.2899999963,20.0,-3.6999999730724653e-09,0.2899999963,20.0,
0xecba7b1db1c698ab73b3572abfcde327a02b5112676144e049edcc1e1e0f5b0b,2026-07-14|france|spain team to advance,France vs. Spain: Team to Advance,Soccer,team to advance,1783916303,2026-07-13T04:18:23+00:00,1784064256,gammaClosedTime,1784055600.0,2321.616666666667,1,Spain,Spain,1,0.405,1.0,40500.0,40500.0,40500.0,292600.0,407365.0,61,109167.994678,0.40249999999999997,29,-5.900000044078979e-09,0.0,-0.0025000021000000094,-1.0,-1.0,-0.939862690266703,0,0.0,,40500.0,0.0,0.0,23767.41285,0.5868497,40500.0,40500.0,40500.0,1.0,1.0,0,0,,3,0,0.0,0.405,0.0,0.40249999999999997,12.0,-0.0025000000000000577,,,,,,,,0.4025000001,57.0,-0.0024999999000000495,,,,,,,,0.405,3.0,0.0,0.405,3.0,4.99999930347883e-10
0x4235e7294126f0b1aec8a690f60389555d858c2b9fe2f98761b83bf5735447c4,2026-07-14|cezar cretu|cordenons sumit nagal,Cordenons: Sumit Nagal vs Cezar Cretu,Tennis,match winner,1784019083,2026-07-14T08:51:23+00:00,1784024569,gammaClosedTime,1784016300.0,-46.38333333333333,0,Sumit Nagal,Sumit Nagal,1,0.7842732306,1.0,54587.18930726115,54587.18930726115,54587.18930726115,237180.54400320002,59119.2379,101893,186915.975527,0.76,23,0.01100000000000001,-0.018000000000000016,0.136,1.0,0.8098959594562831,-0.84973627354739,0,0.0,,54587.18930726115,0.0,0.0,54587.18930726115,1.0,54587.18930726115,54587.18930726115,54587.18930726115,1.0,1.0,0,0,,1,0,0.0,0.7842732306,0.0,0.75519836225,0.0,-0.02907486834999995,0.77,0.0,0.7710000068,21.0,-0.013273223799999956,0.78,27.0,0.78211125,2.0,-0.0021619805999999464,0.78211125,2.0,0.8,2.0,0.015726769400000062,0.8009999981,3.0,0.8,18.0,0.015726769400000062,0.8046969572,51.0,0.014726741100000051
0x6ff76d2e68a529135151ae20b96bd0656dea282c1653623f0c2ccfba7ec66fc2,2026-07-14|lgd gaming|mouz,Dota 2: LGD Gaming vs MOUZ (BO3) - Esports World Cup Survival,Dota 2,series winner,1784047969,2026-07-14T16:52:49+00:00,1784063581,gammaClosedTime,1784046600.0,-22.816666666666666,0,MOUZ,LGD Gaming,0,0.27,1.0,32831.558,32831.558,32831.558,63875.85089613,-63888.3045,130779,186915.975527,0.26,8,0.020000000000000018,0.010000000000000009,0.020000000000000018,-0.743135772494906,0.8699126744820096,-0.024346971921038657,0,0.0,,32831.558,1.7082000000000002,5.202650231611743e-05,27000.0,0.8223794923165084,32831.558,32831.558,32831.558,1.0,1.0,36,36,9.0,4,1,0.0,0.2673061137489454,0.0026938862510546002,0.27,4.0,0.0,0.27,4.0,0.26,7.0,-0.010000000000000009,,,0.26,0.0,-0.010000000000000009,0.2699999937,45.0,0.26,16.0,-0.010000000000000009,,,0.22307104489999996,0.0,-0.04692895510000006,,,-0.13
0x776956c5185fb6e9115e4a52fb0a8386172cae91d6812b447795fb171f478a69,2026-07-15|argentina team to advance|england,England vs. Argentina: Team to Advance,Soccer,team to advance,1784065690,2026-07-14T21:48:10+00:00,1784150285,gammaClosedTime,1784142000.0,1271.8333333333333,1,England,Argentina,0,0.54,1.0,108000.0,108000.0,108000.0,411659.22573632,-230250.08,1428,602833.994427,0.5375000002,11,-0.0012499992500000223,-4.300000022716688e-09,-0.002499999800000041,-0.7640088910183415,-0.2290646322896888,-0.09119793182906198,2,9999.999999180001,555.0,108000.0,0.0,0.0,108000.0,1.0,108000.0,108000.0,108000.0,1.0,1.0,0,0,,1,0,0.0,0.54,0.0,0.5375,9.0,-0.0025000000000000577,0.5399999847,10.0,0.5399999812,12.0,-1.880000000120674e-08,0.5399999812,12.0,0.5375000104000001,6.0,-0.0024999895999999744,0.5399999654,28.0,0.5375000173,4.0,-0.0024999827000000696,,,0.5375,27.0,-0.0025000000000000577,0.5399999903,48.0,-2.900000017902471e-09
0x094b1336a84f9c76d798d8e0e5497c8d079950beb701ed55ecc117d6616890e0,2026-07-15|game handicap ts 1 5|team liquid 1 5,Game Handicap: TS (-1.5) vs Team Liquid (+1.5),Dota 2,match winner,1784111572,2026-07-15T10:32:52+00:00,1784134843,gammaClosedTime,1784113800.0,37.13333333333333,1,Team Liquid,Team Liquid,1,0.56,1.0,32924.864,32924.864,32924.864,44099.955277,33091.7943,41652,729.301392,0.5599999253,601,0.0,0.0,-5.229999999745161e-08,,,1.0,0,0.0,,32924.864,0.0,0.0,32924.864,1.0,32924.864,32924.864,32924.864,1.0,1.0,0,0,,1,0,0.0,0.56,0.0,,,,,,,,,,,0.5502053024,46.0,-0.009794697600000069,0.55,58.0,0.55,7.0,-0.010000000000000009,0.55,7.0,0.55,27.0,-0.010000000000000009,0.55,27.0,-0.010000000000000009
0xc1bf3ab30348820b5912c0a4d389b0a379382c17a6043dfbd66c94f08e79dc77,2026-07-16|golden state valkyries|indiana fever,Golden State Valkyries vs. Indiana Fever,Basketball,match winner,1784155237,2026-07-15T22:40:37+00:00,1784170148,gammaClosedTime,1784160000.0,79.38333333333334,1,Indiana Fever,Golden State Valkyries,0,0.59,1.0,25452.3252,25452.3252,25452.3252,51019.52255806,-50174.5161,1961,6187.572291,0.5900000077,1,0.01000000769999998,0.01000000769999998,0.010000007700000091,-1.0,-1.0,0.9837977597796387,1,14263.580399999997,369.0,25452.3252,103.46585099551638,0.004048626426356929,11600.2142,0.45576245426881473,25452.3252,25452.3252,25452.3252,1.0,1.0,32,32,2.0,2,6,0.0,0.5845152560620407,0.00548474393795928,0.6,0.0,0.010000000000000009,,,0.5900000000000001,21.0,1.1102230246251565e-16,,,0.5900000643000001,0.0,6.430000010215764e-08,0.6,51.0,0.5900000000000001,4.0,1.1102230246251565e-16,,,,,,,,0.010000000000000009
0xf9d5da40598baab5db5ab934a00cd8ff8892c7e70a05edc1e386db27b4bceb2e,2026-07-16|game handicap pari 1 5|rune eaters 1 5,Game Handicap: PARI (-1.5) vs Rune Eaters (+1.5),Dota 2,match winner,1784210381,2026-07-16T13:59:41+00:00,1784226013,gammaClosedTime,1784211600.0,20.316666666666666,1,Rune Eaters,PARIVISION,0,0.34,1.0,27292.1727,27292.1727,27292.1727,47779.93324104,-47791.3492,10,63544.535082,0.34,42,5.8900000043937695e-08,1.1500000007824696e-08,0.009999995500000025,-0.7190775568854954,-0.3999781220987609,-0.5067533591882896,0,0.0,,27292.1727,6127.290309021183,0.18334496599682631,16185.003,0.5930272821408609,16185.003,16185.003,16185.003,0.5930272821408609,0.5930272821408609,1302,1302,1300.0,2,23,0.0,0.3358580286444771,0.004141971355522911,0.33999999999999997,26.0,-5.551115123125783e-17,0.34,44.0,0.33999999999999997,11.0,-5.551115123125783e-17,0.34,29.0,,,,,,,,,,,0.32999999999999996,53.0,-0.010000000000000064,,,1.0560000002213243e-07
0x19f32599479a7c9163d5b47c0baaa8e41b72c10ceed0051cd0700233e6560cc8,2026-07-16|parivision|rune eaters,Dota 2: PARIVISION vs Rune Eaters - Game 1 Winner,Dota 2,single-game/map,1784212339,2026-07-16T14:32:19+00:00,1784222156,gammaClosedTime,1784211600.0,-12.316666666666666,0,Rune Eaters,PARIVISION,0,0.2299851697,1.0,25254.709400139967,25254.709400139967,25254.709400139967,37158.201212,-37165.9556,1968,63544.535082,0.20999999999999996,14,-0.010000025400000001,0.009999999999999953,0.039999996699999985,-0.6801654663190421,-0.6987806523253995,-0.6580950265443619,0,0.0,,25254.709400139967,5.714,0.00022620365104285384,3566.789400139966,0.14123264471695715,3566.789400139966,25254.709400139967,25254.709400139967,0.14123264471695715,1.0,213,213,207.0,3,1,0.0,0.22875657077083264,0.0012285989291673516,0.22000000220000004,0.0,-0.009985167499999947,0.229999916,7.0,0.2156324449,0.0,-0.014352724799999994,0.2250247895,6.0,0.20999999999999996,0.0,-0.019985169700000027,0.22,3.0,0.2119305868,4.0,-0.018054582900000005,0.2199999891,4.0,0.22,16.0,-0.00998516969999999,0.2299999869,37.0,-0.04379414549999999
0x1d88092b2e151927cc5fc6a02ae3f84fb0551d2b44c6c5c961bd530d53638f9a,2026-07-16|iasi open alevtina ibragimova|paula badosa,Iasi Open: Alevtina Ibragimova vs Paula Badosa,Tennis,match winner,1784218591,2026-07-16T16:16:31+00:00,1784224846,gammaClosedTime,1784212200.0,-106.51666666666667,0,Alevtina Ibragimova,Paula Badosa,0,0.3066492538,1.0,30913.54739550343,30913.54739550343,30913.54739550343,101189.87566506,-101216.7827,131,100001.462758,0.29,1,-0.039999999200000025,0.04999999999999999,0.22999946529999998,-0.9618922250969653,0.47890658720997686,-0.27067807541366645,0,0.0,,30913.54739550343,0.0,0.0,30913.54739550343,1.0,30913.54739550343,30913.54739550343,30913.54739550343,1.0,1.0,0,0,,1,0,0.0,0.3066492538,0.0,0.29000000000000004,0.0,-0.016649253799999986,0.2799999916,28.0,0.2700000159,1.0,-0.03664923790000002,0.2799999916,13.0,0.3099999979,36.0,0.0033507440999999694,0.3099999979,36.0,0.3200000272,19.0,0.01335077339999996,0.34,43.0,0.3800000008,9.0,0.073350747,0.39,16.0,0.17335074619999996
0xe3a8fbf2b785d9005e63041d337fab99f986340d9d04dea1615fce5dc3d71d26,2026-07-16|croatia open damir dzumhur|matteo arnaldi,Croatia Open: Damir Dzumhur vs Matteo Arnaldi,Tennis,match winner,1784230411,2026-07-16T19:33:31+00:00,1784233799,gammaClosedTime,1784217900.0,-208.51666666666668,0,Matteo Arnaldi,Damir Dzumhur,0,0.5242701232,1.0,38788.47159998988,38788.47159998988,38788.47159998988,243720.81559815002,-243734.5399,66,190398.414308,0.5099999796,4,0.07999997959999994,-0.07000002640000003,-0.11000002040000001,-0.266196158885227,-0.5255049058898666,-0.43542082161092643,1,1056.404298248,42.0,38788.47159998988,182116.86616723624,0.8244113429216349,25768.74160098328,0.6643402159983536,25768.74160098328,25768.74160098328,25768.74160098328,0.6643402159983536,0.6643402159983536,3044,3044,3038.0,3,177,0.0,0.5472663879163217,-0.022996264716321657,0.5300000003,0.0,0.005729877100000058,0.545,3.0,0.5800000000000001,3.0,0.05572987680000008,0.5988203902,6.0,0.6,43.0,0.07572987679999998,0.599999976,48.0,0.5800000119,4.0,0.05572988869999995,0.5831342259000001,10.0,0.64,1.0,0.11572987680000002,0.64,1.0,-0.058924770299999985
0x4220a18459ff4cc9a189c305766a4fa4ca291751facacf0954c940e0f2c01918,2026-07-16|julia riera|rome danka kovinic,Rome: Danka Kovinic vs Julia Riera,Tennis,match winner,1784231615,2026-07-16T19:53:35+00:00,1784235539,gammaClosedTime,1784223600.0,-133.58333333333334,0,Danka Kovinic,Julia Riera,0,0.5925804353,1.0,49000.05080091263,49000.05080091263,49000.05080091263,137054.84274259998,-137060.8461,1270,190398.414308,0.51,14,-0.08999999999999997,-0.18999999999999995,-0.010000000000000009,0.08109517829844319,-0.4413624656971539,-0.26345238012815053,0,0.0,,49000.05080091263,23834.039081,0.32723741203662465,48974.55080091263,0.999479592376269,49000.05080091263,49000.05080091263,49000.05080091263,1.0,1.0,19,19,19.0,2,8,0.0,0.5925305053241547,4.992997584529757e-05,0.5700001159,0.0,-0.02258031940000005,0.55,5.0,0.64,0.0,0.04741956469999997,0.64,0.0,0.698018018,5.0,0.10543758269999992,0.709009009,5.0,0.69,3.0,0.0974195646999999,0.7,5.0,0.470000035,0.0,-0.12258040030000006,0.48,6.0,0.1274196502999999
0xf5c66fd82a354ed384f53b3258c23badf7f754abbabd18e07c9e356a6f852b73,2026-07-16|alejandro davidovich fokina|croatia open alex molcan,Croatia Open: Alex Molcan vs Alejandro Davidovich Fokina,Tennis,match winner,1784233732,2026-07-16T20:28:52+00:00,1784240414,gammaClosedTime,1784232300.0,-23.866666666666667,0,Alex Molcan,Alex Molcan,1,0.4031574897,1.0,67879.05539395794,67879.05539395794,67879.05539395794,353037.92385828,650666.2645,108,189693.064501,0.39000000420000003,8,-0.009999995799999994,-0.01999999600000002,8.600000045433376e-09,-0.43239427769672,0.22905737284114394,0.37180839848239733,5,28555.372333187042,29.0,67879.05539395794,9319.098868982106,0.1207166020736827,45157.04149561307,0.6652573644923261,45157.04149561307,67879.05539395794,67879.05539395794,0.6652573644923261,1.0,78,78,78.0,2,39,0.0,0.3975452550425226,0.0056122346574774,0.4000000694,0.0,-0.003157420299999991,0.4099999991,39.0,0.4,21.0,-0.00315748969999996,0.4099999991,24.0,0.4,3.0,-0.00315748969999996,0.3699999229,34.0,0.3736005519,0.0,-0.02955693779999996,0.3736005519,0.0,0.2200000016,0.0,-0.1831574881,0.23,21.0,-0.18315746160000002
0xead4f20a84556c6eeffc5a6275ff8fe2a74cfc433a7381c46d2e1091649c71e5,2026-07-17|izan almazan valiente|pozoblanco akira santillan,Pozoblanco: Akira Santillan vs Izan Almazan Valiente,Tennis,match winner,1784325561,2026-07-17T21:59:21+00:00,1784328367,gammaClosedTime,1784317500.0,-134.35,0,Akira Santillan,Akira Santillan,1,0.91,1.0,49558.5974,49558.5974,49558.5974,59009.50603612,5740.3161,2082,44291.896992,0.9,1,0.09999999999999998,0.07999999800000002,0.040000000000000036,0.46095481109675224,-0.5572848973884001,-0.731580386789646,3,4030.49963316,275.0,49558.5974,132.84,0.0026732975931181256,24960.5174,0.5036566551417373,49558.5974,49558.5974,49558.5974,1.0,1.0,9,9,9.0,2,4,0.0,0.9050089426033513,0.004991057396648735,0.91,19.0,0.0,0.91,19.0,0.91,4.0,0.0,0.91,4.0,0.92,30.0,0.010000000000000009,0.92,30.0,0.9,16.0,-0.010000000000000009,0.9199999687,48.0,0.95,9.0,0.039999999999999925,0.9299999988,45.0,0.08899999999999997
0x5a3d9a107c0e19086f4b306b8c7d25417145c21b7849e255534de555bd8d29a6,2026-07-17|alexis galarneau|granby aleksandar vukic,Granby: Aleksandar Vukic vs Alexis Galarneau,Tennis,match winner,1784326882,2026-07-17T22:21:22+00:00,1784334988,gammaClosedTime,1784325600.0,-21.366666666666667,0,Aleksandar Vukic,Aleksandar Vukic,1,0.6172644282,1.0,28795.208001194,28795.208001194,28795.208001194,64857.201262810006,38758.1619,3403,44291.896992,0.594,6,-0.0025000000000000577,-0.04491241094999998,0.09399999999999997,-0.9901490032661895,-0.2711630525401989,-0.45562522914825965,4,22587.45228616981,418.0,28795.208001194,34360.37007667999,0.544059149206297,6789.9087102,0.23579995358666814,10118.3058102,28795.208001194,28795.208001194,0.3513885299866714,1.0,174,174,168.0,4,21,0.0,0.6197893355935159,-0.0025249073935158517,0.5760000000000001,5.0,-0.04126442819999998,0.55,20.0,0.5410000017000001,3.0,-0.07626442649999998,0.55,5.0,0.571,17.0,-0.046264428200000096,0.571,17.0,0.5300000129,0.0,-0.08726441530000006,0.52,3.0,0.40900008930000004,0.0,-0.2082643389,0.41,3.0,-0.18226442820000005
0x0443744d800c28f5bb5eb9f1194e9420d46700768de3cd4e52695a1c924cbd86,2026-07-18|croatia open daniel merida aguilar|damir dzumhur,Croatia Open: Daniel Merida Aguilar vs Damir Dzumhur,Tennis,match winner,1784401075,2026-07-18T18:57:55+00:00,1784403658,gammaClosedTime,1784394300.0,-112.91666666666667,0,Daniel Merida Aguilar,Daniel Merida Aguilar,1,0.7456698384,1.0,30558.787789563747,30558.787789563747,30558.787789563747,63503.9839728,20400.6548,84,63775.724674,0.7689999988,8,0.03099999380000007,0.20899999879999998,0.02099999880000003,-0.3487997594489763,0.7372036325649138,-0.31899116956113016,3,5551.1391119688,370.0,30558.787789563747,0.0,0.0,30558.787789563747,1.0,30558.787789563747,30558.787789563747,30558.787789563747,1.0,1.0,0,0,,1,0,0.0,0.7456698384,0.0,0.7489999723,6.0,0.003330133900000032,0.7489999723,6.0,0.7550462421,0.0,0.009376403700000036,0.7550462421,0.0,0.7939999983,8.0,0.0483301599,0.7939999983,8.0,0.8115270492,2.0,0.06585721079999995,0.8115270492,2.0,0.86999999925,0.0,0.12433016085000004,0.86999999925,0.0,0.2533301616
0xaeec5397b4ee2ce20555c0099f0dcf4de4648a2f080c2d10b65ceaff9c26d7a8,2026-07-18|england team to win|france,France vs. England: Team to Win,Soccer,match winner,1784402047,2026-07-18T19:14:07+00:00,1784416755,gammaClosedTime,1784408400.0,105.88333333333334,1,France,England,0,0.68,1.0,82561.0032,82561.0032,82561.0032,145130.0649414,-144861.1184,1056,63775.724674,0.68,8,0.010000000000000009,2.000000165480742e-10,0.009999987499999974,0.7090208140032537,0.5305914168502752,0.29926808352631523,3,16660.109998160002,138.0,82561.0032,0.0,0.0,82561.0032,1.0,82561.0032,82561.0032,82561.0032,1.0,1.0,0,0,,1,0,0.0,0.68,0.0,0.6699999999999999,0.0,-0.01000000000000012,0.68,3.0,0.6700000114,9.0,-0.009999988600000065,0.6799999971,17.0,0.6700000078,2.0,-0.00999999220000003,0.6799999946,8.0,0.68,0.0,0.0,0.68,0.0,0.6799999999,9.0,-1.000000082740371e-10,0.6799999999,9.0,-1.1102230246251565e-16
0x4b045e092c3166aa29d4864c11dffe7e316daafdac5677f11aa5cd16065fd042,2026-07-19|argentina team to advance|spain,Spain vs. Argentina: Team to Advance,Soccer,team to advance,1784410467,2026-07-18T21:34:27+00:00,1784500080,gammaClosedTime,1784487600.0,1285.55,1,Spain,Spain,1,0.5975,1.0,81239.511725,81239.511725,81239.511725,83236.800245,-4662.6264,20,83244.37206,0.5950000025,143,0.0,-1.9000000461844024e-09,2.4999999848063226e-09,,-0.8119051377061421,-0.8834067302600992,0,0.0,,81239.511725,0.0,0.0,81239.511725,1.0,81239.511725,81239.511725,81239.511725,1.0,1.0,0,0,,1,0,0.0,0.5975,0.0,0.5950000696,4.0,-0.002499930400000072,,,0.5950000156999999,25.0,-0.002499984300000091,,,0.5950000286,54.0,-0.002499971400000023,,,0.5950000093000001,24.0,-0.0024999906999999544,0.5974999998,42.0,0.5974999997,6.0,-3.000000248221113e-10,0.5974999997,6.0,-0.0024999980000001143
0x7976b8dbacf9077eb1453a62bcefd6ab2df199acd28aad276ff0d920d6992892,0x7976b8dbacf9077eb1453a62bcefd6ab2df199acd28aad276ff0d920d6992892,Will Spain win the 2026 FIFA World Cup?,Soccer,outright,1784413443,2026-07-18T22:24:03+00:00,1784510068,gammaClosedTime,,,0,Yes,Yes,1,0.591,1.0,62348.35466999999,62348.35466999999,62348.35466999999,517567.19200800004,199767.817,12,63911.088534,0.59,29,-0.000999895400000006,0.0,0.0,-1.0,-0.6561792486581005,-0.05134669343805642,1,2999.99999883,597.0,62348.35466999999,0.0,0.0,62348.35466999999,1.0,62348.35466999999,62348.35466999999,62348.35466999999,1.0,1.0,0,0,,1,0,0.0,0.591,0.0,0.5909999973,48.0,-2.7000000013543968e-09,0.5909999973,48.0,0.5909999973,33.0,-2.7000000013543968e-09,0.5909999973,33.0,0.5909999973,3.0,-2.7000000013543968e-09,0.5909999973,3.0,0.5909999994,51.0,-5.999999386219201e-10,0.5909999994,51.0,0.5900000046,10.0,-0.0009999953999999533,,,-6.519999995457937e-08
0x6bc127390c4644267ced3fbf129d19ac2eef532bda2fe21dae841b6c11ea8f59,2026-07-19|betboom team|parivision,Dota 2: BetBoom Team vs PARIVISION (BO5) - Esports World Cup Playoffs,Dota 2,series winner,1784478337,2026-07-19T16:25:37+00:00,1784493900,gammaClosedTime,1784468400.0,-165.61666666666667,0,BetBoom Team,PARIVISION,0,0.4,1.0,33740.09480003854,33740.09480003854,33740.09480003854,200190.4441248,-200203.4305,61581,31976.342996,0.3900000214,53,-0.009999978600000015,0.03000002140000002,0.029626799999999953,-1.0,-0.9915042969587062,-0.9731271003210854,0,0.0,,33740.09480003854,145096.7942410939,0.8113359330899659,11600.300000000001,0.3438134975242201,11600.300000000001,30709.100600179903,30709.100600179903,0.3438134975242201,0.9101663994182028,6916,6916,6915.0,8,132,0.0,0.3833179540789851,0.01668204592101491,0.39,15.0,-0.010000000000000009,0.4,48.0,0.39,0.0,-0.010000000000000009,0.4,33.0,0.4,3.0,0.0,0.4,3.0,,,,,,0.38,11.0,-0.020000000000000018,0.39,27.0,-0.020000025800000043
0x0c4cd2055d6ea89354ffddc55d6dbcef9355748112ea952fc925f3db6a5c457f,0x0c4cd2055d6ea89354ffddc55d6dbcef9355748112ea952fc925f3db6a5c457f,Will Argentina win the 2026 FIFA World Cup?,Soccer,outright,1784484877,2026-07-19T18:14:37+00:00,1784510683,gammaClosedTime,,,0,No,No,1,0.588,1.0,100623.02291999999,100623.02291999999,100623.02291999999,261834.61823638,176610.4489,30,250008.945425,0.5870000331,5,-0.0004999703999999383,2.914999996939116e-08,-2.099999996119095e-08,-0.23272574985133568,0.608823695065796,0.2486870666319131,7,16487.9999991,256.0,100623.02291999999,0.0,0.0,100623.02291999999,1.0,100623.02291999999,100623.02291999999,100623.02291999999,1.0,1.0,0,0,,1,0,0.0,0.588,0.0,0.5890000040000001,0.0,0.0010000040000001098,0.589999941,12.0,0.5890000057,0.0,0.0010000057000000284,0.5900000000000001,11.0,0.5890001169,5.0,0.0010001169000000143,0.5900000000000001,14.0,0.5890000065000001,0.0,0.0010000065000000946,0.5900000000000001,24.0,0.5890000228000001,3.0,0.001000022800000111,0.5899999838,11.0,-0.0009999989999999181
0x9f564d4d2bb96df6e0da2f61e969a46d98ab027e85509ab59d51417bcb6ccd2f,2026-07-19|detroit tigers|los angeles angels,Detroit Tigers vs. Los Angeles Angels,MLB,match winner,1784499997,2026-07-19T22:26:37+00:00,1784502780,gammaClosedTime,1784491620.0,-139.61666666666667,0,Los Angeles Angels,Los Angeles Angels,1,0.87,1.0,39649.8498,39649.8498,39649.8498,124864.52538610001,17167.9845,15042,4822.776312,0.86,23,-0.009999999699999984,-0.020000000000000018,0.040000068300000025,-0.06151187790766766,-0.5054383818700781,0.0338110386602504,1,1113.426,687.0,39649.8498,7.83,0.00019743968985296007,39649.8498,1.0,39649.8498,39649.8498,39649.8498,1.0,1.0,0,0,0.0,1,1,0.0,0.8700000000000001,-1.1102230246251565e-16,0.8700000712,0.0,7.120000000693238e-08,0.8799999999,47.0,0.8799999999,32.0,0.0099999999,0.8799999999,32.0,0.8799999999,2.0,0.0099999999,0.8799999999,2.0,0.87,5.0,0.0,0.88,11.0,0.8699999913,2.0,-8.69999994268511e-09,0.8699999913,2.0,0.06999999999999995
0xe1d8c9f6eac493fb6007c955985d77b7cc2e5cccba2d0e9d2ba82b5fe238516f,2026-07-19|connecticut sun|phoenix mercury,Connecticut Sun vs. Phoenix Mercury,Basketball,match winner,1784509032,2026-07-20T00:57:12+00:00,1784511390,gammaClosedTime,1784502000.0,-117.2,0,Phoenix Mercury,Phoenix Mercury,1,0.91,1.0,25630.210096618302,25630.210096618302,25630.210096618302,58250.59861404,5533.9982,24077,4822.776312,0.905,1,0.08500000620000003,0.11499997400000006,0.16500000000000004,-0.2810782389751531,-0.8489497023353628,-0.4425134031061353,1,10229.423850100002,473.0,25630.210096618302,7484.616333034027,0.2260200985481236,1836.4346,0.07165117231100274,1836.4346,25630.210096618302,25630.210096618302,0.07165117231100274,1.0,242,242,240.0,3,6,0.0,0.8531588142028391,0.05684118579716091,0.92,4.0,0.010000000000000009,0.92,4.0,0.93999998395,0.0,0.02999998394999992,0.93999998395,0.0,0.95,6.0,0.039999999999999925,0.94999998575,15.0,0.95472521435,0.0,0.04472521434999999,0.95472521435,0.0,0.982,12.0,0.07199999999999995,0.99,18.0,0.08899999999999997
0x9aede26e053f76d2f03d1683c89d37651cd05fa9f0e58da871f0e17cb0b6bd02,2026-07-21|los angeles dodgers|philadelphia phillies,Los Angeles Dodgers vs. Philadelphia Phillies,MLB,match winner,1784676990,2026-07-21T23:36:30+00:00,1784688285,gammaClosedTime,1784673600.0,-56.5,0,Los Angeles Dodgers,Los Angeles Dodgers,1,0.5,1.0,64079.28,64079.28,64079.28,205351.7431042,92934.5097,24,65579.378615,0.49,40,-0.010000000000000009,-0.010000000000000009,0.0,-0.9546930084819714,-0.7783988059322304,-0.5827683607945592,0,0.0,,64079.28,0.0,0.0,64079.28,1.0,64079.28,64079.28,64079.28,1.0,1.0,0,0,,1,0,0.0,0.5,0.0,0.4950000107,12.0,-0.004999989300000007,0.5,12.0,0.5,0.0,0.0,0.5,0.0,0.48000000519999997,22.0,-0.01999999480000003,,,0.48,16.0,-0.020000000000000018,0.489999998,18.0,0.48,55.0,-0.020000000000000018,,,-0.020000000000000018
0x9bb9a841d4c976b86213d73dfed1fbe14acf120999326f48c9c7c9e2bf097e09,2026-07-21|atlanta braves|san diego padres,San Diego Padres vs. Atlanta Braves,MLB,match winner,1784677453,2026-07-21T23:44:13+00:00,1784686965,gammaClosedTime,1784675700.0,-29.216666666666665,0,Atlanta Braves,San Diego Padres,0,0.48,1.0,31253.3665,31003.3665,31003.3665,62470.09316975,-62105.8087,487,65579.378615,0.479999998,3,-0.010000002000000008,-0.020000002000000017,-0.08000000200000007,0.3670329625813307,-0.3745863774600458,0.012889201250064264,1,1461.6144,805.0,31003.3665,0.0,0.0,18924.3072,0.6103952356270729,18924.3072,31003.3665,31003.3665,0.6103952356270729,1.0,142,142,,2,0,0.0,0.49125862956577293,-0.011258629565772948,0.48000000359999995,0.0,3.5999999647984282e-09,0.48,26.0,0.48,6.0,0.0,0.48,11.0,,,,,,0.5049504846,14.0,0.024950484600000045,0.5049504846,14.0,0.48,2.0,0.0,0.48,2.0,0.17000000000000004
0x4a11ea5960d505a7a74cfa13277e8e1fc803d2bb9e0c6e5fdcb3a64ed66f0cf1,2026-07-22|colorado rockies|washington nationals,Washington Nationals vs. Colorado Rockies,MLB,match winner,1784687611,2026-07-22T02:33:31+00:00,1784692065,gammaClosedTime,1784680800.0,-113.51666666666667,0,Colorado Rockies,Colorado Rockies,1,0.73,1.0,31596.167199999996,31596.167199999996,31596.167199999996,210477.31992252,74160.0924,5889,131758.664237,0.7299999087,12,0.019999916900000025,0.1399999087,0.28999990870000003,0.17767007391977185,-0.8993965616840158,-0.7635485872638417,3,2381.0263999999997,573.0,31596.167199999996,64306.90696999884,0.6705406216281212,9490.0,0.3003528858399003,9490.0,31596.167199999996,31596.167199999996,0.3003528858399003,1.0,133,133,127.0,2,18,0.0,0.7229746234870321,0.0070253765129678625,0.73,0.0,0.0,0.75,2.0,0.74,0.0,0.010000000000000009,0.755,0.0,0.7699999877,8.0,0.03999998770000002,0.7699999877,8.0,0.7599999938,2.0,0.02999999380000007,0.7599999938,2.0,0.8,12.0,0.07000000000000006,0.8,12.0,-0.10999999999999999
0x5f96cdac496211ab1ab5a8e8e4b9619890f512d162cf60f84172e5ddbe23a5c5,2026-07-24|liquid 1 5|map handicap vit 1 5,Map Handicap: VIT (-1.5) vs Liquid (+1.5),Counter-Strike,match winner,1784907066,2026-07-24T15:31:06+00:00,1784923411,gammaClosedTime,1784908200.0,18.9,1,Liquid,Liquid,1,0.4099997725,1.0,56897.87059910251,56897.87059910251,56897.87059910251,64563.863661179996,92011.7459,225,63156.148209,0.38000008269999996,7,-0.00999994170000007,0.010000082699999968,0.2900000827,-0.9472520050206642,-0.40819320188880764,-0.6264721569255487,0,0.0,,56897.87059910251,237.44348498771012,0.004155809568811457,32799.9818,0.5764711658737783,32799.9818,56835.320600095685,56835.320600095685,0.5764711658737783,0.9989006618639993,34787,34787,102.0,6,13,0.0,0.4014597091110786,0.008540063388921437,0.39000002440000003,1.0,-0.019999748099999992,,,0.4,9.0,-0.009999772500000004,,,0.4,9.0,-0.009999772500000004,0.41,45.0,0.4,19.0,-0.009999772500000004,,,0.3899999913,4.0,-0.01999978120000001,0.3899999913,4.0,-0.1399997725
0x4ce50471918585278e00ccfd154fb675dfd6b759ebec4d1c7784a8827362f3db,2026-07-30|los angeles dodgers|seattle mariners,Seattle Mariners vs. Los Angeles Dodgers,MLB,match winner,1785374400,2026-07-30T01:20:00+00:00,1785387570,gammaClosedTime,1785377400.0,50.0,1,Los Angeles Dodgers,Los Angeles Dodgers,1,0.62,1.0,91600.2508,91600.2508,91600.2508,252241.64405643,141669.7486,27,249775.773044,0.6199999972,89,0.0,-2.800000009628434e-09,-2.800000009628434e-09,,1.0,0.9978527640650774,3,5859.62,682.0,91600.2508,0.0,0.0,91600.2508,1.0,91600.2508,91600.2508,91600.2508,1.0,1.0,0,0,,1,0,0.0,0.62,0.0,0.6200000405,59.0,4.050000002031595e-08,0.63,60.0,0.6200000405,44.0,4.050000002031595e-08,0.63,45.0,0.6200000405,14.0,4.050000002031595e-08,0.63,15.0,0.63,2.0,0.010000000000000009,0.63,2.0,,,,,,0.010000004300000032
0x6ff9eb5e11ac9db9e27d29d5c33626576a264a6b20f81e570b2c6578192609d7,2026-07-30|3dmax|mouz,Counter-Strike: 3DMAX vs MOUZ (BO3) - BLAST Bounty Playoffs,Counter-Strike,series winner,1785429128,2026-07-30T16:32:08+00:00,1785445079,gammaClosedTime,1785424800.0,-72.13333333333334,0,3DMAX,MOUZ,0,0.46,1.0,25381.037600000003,25381.037600000003,25381.037600000003,67432.19175007,-67443.7535,401,64087.23277,0.44999999999999996,14,-1.9500000059125e-08,-5.551115123125783e-17,0.07999998109999995,-0.9382724424761556,-0.3787119355504403,-0.3987411727014667,6,5083.0,299.0,25381.037600000003,13405.530223134594,0.3456230075386754,3991.3510000000006,0.15725720370076596,4911.351000000001,8101.032000000001,25381.037600000003,0.19350473678034344,0.3191765493464302,351,351,351.0,5,39,0.0,0.4449864992968695,0.015013500703130511,0.4600000002,0.0,1.9999996103692297e-10,,,0.45999999999999996,3.0,-5.551115123125783e-17,,,0.45999999999999996,1.0,-5.551115123125783e-17,0.4699998919,58.0,0.4600000097,4.0,9.69999996991433e-09,0.47,27.0,0.5269912397000001,9.0,0.06699123970000004,0.5439824794,9.0,-0.07
0x57b870ef0a2d042fd9cd5d8a50cbaf692d858cbf95fa50b2ab09a8dffc2dab10,2026-07-30|chicago cubs|st louis cardinals,Chicago Cubs vs. St. Louis Cardinals,MLB,match winner,1785437010,2026-07-30T18:43:30+00:00,1785447315,gammaClosedTime,1785435300.0,-28.5,0,Chicago Cubs,Chicago Cubs,1,0.45,1.0,28695.27049872826,28695.27049872826,28695.27049872826,186454.33393392,203251.9304,321,192060.51363,0.44999999999999996,9,-4.9000000723609105e-09,2.0299999958783843e-08,-0.020000000000000018,-0.9327910405330896,-0.9982121590661325,-0.9912114217099091,0,0.0,,28695.27049872826,156321.41039504838,0.8449044142392597,11250.0,0.3920506691337371,12583.8252,28695.27049872826,28695.27049872826,0.4385330746597318,1.0,90,88,90.0,3,38,0.0,0.458579095777936,-0.008579095777935974,0.4300000034,12.0,-0.019999996600000014,,,0.4300000034,18.0,-0.019999996600000014,,,0.42000000000000004,5.0,-0.02999999999999997,0.43,39.0,0.4299999871,17.0,-0.02000001290000003,0.4299999871,17.0,0.3300000088,27.0,-0.11999999119999999,0.34,30.0,-0.13999999670000002
0x5ee7f9810c26a8d6800dde1fe536cb082110ab9b7e40e0bac87fdc1246d12d4a,2026-07-31|los angeles dodgers|seattle mariners,Seattle Mariners vs. Los Angeles Dodgers,MLB,match winner,1785464384,2026-07-31T02:19:44+00:00,1785475019,gammaClosedTime,1785463800.0,-9.733333333333333,0,Los Angeles Dodgers,Los Angeles Dodgers,1,0.64,1.0,85697.82,85697.82,85697.82,94230.97362107999,53649.8399,339,86048.971256,0.64,1,0.029999999500000096,0.04499999364999996,0.06999999310000005,0.9890623001149588,0.3383780783229754,0.6986344533783673,3,2922.4128000000005,456.0,85697.82,1705.8470890525573,0.019516882367355694,64000.0,0.7468101288924268,64000.0,64008.235,77682.4172,0.7468101288924268,0.7469062223519805,1188,1188,324.0,7,8,0.0,0.6254870639123905,0.014512936087609507,0.6300000020000001,0.0,-0.009999997999999954,0.64,3.0,0.64,12.0,0.0,0.64,12.0,0.64,19.0,0.0,0.64,19.0,0.63,3.0,-0.010000000000000009,,,0.69,9.0,0.04999999999999993,0.705,21.0,0.13999990129999995
0x0a54a4fb700e568ebc95465a260bbff9905b60ecda59681a049fe68f9a55a07c,2026-07-31|astralis|pain,Counter-Strike: paiN vs Astralis (BO3) - BLAST Bounty Playoffs,Counter-Strike,series winner,1785514100,2026-07-31T16:08:20+00:00,1785536157,gammaClosedTime,1785514200.0,1.6666666666666667,1,paiN,Astralis,0,0.44,1.0,78140.34800000001,78140.34800000001,78140.34800000001,160490.44266624,-160502.4915,27,123691.114698,0.43000000000000005,26,0.0,5.551115123125783e-17,5.551115123125783e-17,-0.9993955617358918,-0.39963604548674087,-0.20047406300127563,3,3950.7644,156.0,78140.34800000001,0.0,0.0,78140.34800000001,1.0,78140.34800000001,78140.34800000001,78140.34800000001,1.0,1.0,0,0,,1,0,0.0,0.44000000000000006,-5.551115123125783e-17,0.4399999752,4.0,-2.4799999998048605e-08,0.4399999752,4.0,0.44,6.0,0.0,0.44,6.0,0.43999999999999995,4.0,-5.551115123125783e-17,0.43999999999999995,10.0,0.43000004449999996,28.0,-0.009999955500000046,,,0.48000000649999996,0.0,0.04000000649999996,0.492085637,37.0,-0.07
0x07d64e803045e2d8244048597e166c6a46cf01d2fa1413303cc3a1e49b95f032,2026-07-31|chicago cubs|new york yankees,New York Yankees vs. Chicago Cubs,MLB,match winner,1785526572,2026-07-31T19:36:12+00:00,1785531872,gammaClosedTime,1785522000.0,-76.2,0,New York Yankees,New York Yankees,1,0.72,1.0,35622.19439999999,35622.19439999999,35622.19439999999,181119.8520898,49553.0653,48,217946.105319,0.71705827545,5,-0.05294174365000004,-0.012941733450000048,0.17705838154999998,-0.7581860364554454,-0.3106920629415107,0.3327850658572846,4,15070.1256,687.0,35622.19439999999,0.0,0.0,35622.19439999999,1.0,35622.19439999999,35622.19439999999,35622.19439999999,1.0,1.0,0,0,,1,0,0.0,0.7199999999999999,1.1102230246251565e-16,0.72,3.0,0.0,0.7299999788,11.0,0.72,0.0,0.0,0.7199999981,11.0,0.71499999995,3.0,-0.005000000050000009,0.7199999999,3.0,0.71,6.0,-0.010000000000000009,0.71,6.0,0.70000000735,9.0,-0.019999992649999965,0.71,35.0,0.030000000000000027
0x766bd9969946db798f6866fb793ed8c7f6550f6c764dbb0d6bec3335c059dfc4,2026-07-31|liudmila samsonova|mubadala citi dc open diana shnaider,Mubadala Citi DC Open: Diana Shnaider vs Liudmila Samsonova,Tennis,match winner,1785533126,2026-07-31T21:25:26+00:00,1785537765,gammaClosedTime,1785530400.0,-45.43333333333333,0,Diana Shnaider,Diana Shnaider,1,0.8,1.0,28320.624300000003,28320.624300000003,28320.624300000003,411731.04601640004,104117.7586,6602,217946.105319,0.77,31,0.010000000000000009,1.2300000018505841e-08,0.030000000000000027,-0.969224938826823,-0.9727137413926786,-0.8964728912789641,2,1600.0,770.0,28320.624300000003,99559.55649761022,0.7785378146687039,16805.456000000002,0.5933999131509259,16805.456000000002,28320.624300000003,28320.624300000003,0.5933999131509259,1.0,161,161,111.0,4,52,0.0,0.7758622387241513,0.024137761275848768,0.8,0.0,0.0,0.81,1.0,0.8,0.0,0.0,0.8099999854,10.0,0.8,0.0,0.0,0.8,27.0,0.790000026,9.0,-0.009999974000000078,0.8,15.0,0.8200000000000001,0.0,0.020000000000000018,0.8299999747,1.0,0.09999999999999998
0xd22957f0cc836227e85e99db33efd0d227b6317897e3a14184bda432533bf174,2026-07-31|elina svitolina|mubadala citi dc open alexandra eala,Mubadala Citi DC Open: Alexandra Eala vs Elina Svitolina,Tennis,match winner,1785545099,2026-08-01T00:44:59+00:00,1785547334,gammaClosedTime,1785538500.0,-109.98333333333333,0,Alexandra Eala,Alexandra Eala,1,0.81,1.0,34530.119900000005,34530.119900000005,34530.119900000005,73013.798154,16390.6937,36,71376.799226,0.8,4,0.050000000000000044,0.09000000000000008,0.1100000000000001,0.22352425945181878,0.6520234078321977,0.21709499669007803,5,4374.0,263.0,34530.119900000005,240.81600000000003,0.006925784243846022,21242.7279,0.6151941540174032,34530.119900000005,34530.119900000005,34530.119900000005,1.0,1.0,9,9,9.0,2,3,0.0,0.8061224919067032,0.0038775080932968997,0.8099999473,0.0,-5.2700000030547756e-08,0.8099999473,0.0,0.8,3.0,-0.010000000000000009,0.8099999937,4.0,0.81,7.0,0.0,0.81,7.0,0.91,7.0,0.09999999999999998,0.909999802,10.0,0.8199999955,16.0,0.00999999549999997,0.8199999955,16.0,0.18899999999999995
0xf26b46b3b66c819b5108e1078a1a5e81300c0aa5eb8dc7595d576ea123ebb767,2026-07-31|cincinnati reds|pittsburgh pirates,Pittsburgh Pirates vs. Cincinnati Reds,MLB,match winner,1785545702,2026-08-01T00:55:02+00:00,1785547677,gammaClosedTime,1785535800.0,-165.03333333333333,0,Cincinnati Reds,Cincinnati Reds,1,0.6446568303,1.0,27978.48229832993,27978.48229832993,27978.48229832993,93438.55245455999,39585.0086,639,71376.799226,0.64,5,-0.010000072500000012,0.3599999945,0.48,-0.3362816768666771,-0.5263984746171182,-0.24438152630493118,6,16672.893491470644,21.0,27978.48229832993,0.0,0.0,12570.69859918885,0.44929880274239214,24051.93249832993,24051.93249832993,24051.93249832993,0.8596582274144877,0.8596582274144877,2528,2528,,4,0,0.0,0.6557191939590392,-0.011062363659039232,0.6300000196,1.0,-0.014656810700000023,0.646673624,7.0,0.6400000032,7.0,-0.004656827100000038,0.6499999595,7.0,0.5900000000000001,0.0,-0.0546568302999999,0.5900000000000001,0.0,0.5900000000000001,0.0,-0.0546568302999999,0.48999998995,9.0,0.83,1.0,0.18534316969999998,0.84,3.0,0.33627369520000006
0xf5ebd0eb13dfe4cdc449bf11bb3ffd4761acf40e472fd7543ade161505317754,2026-08-01|astralis|mouz,Counter-Strike: Astralis vs MOUZ - Map 2 Winner,Counter-Strike,single-game/map,1785597078,2026-08-01T15:11:18+00:00,1785607814,gammaClosedTime,1785593400.0,-61.3,0,MOUZ,MOUZ,1,0.6784080901,1.0,30297.861199222505,30297.861199222505,30297.861199222505,40069.5969065,17727.5418,3613,18750.092135,0.6699999795,5,-2.1600000010835174e-08,0.009999979900000011,0.019999964199999942,-0.9948218738921272,-0.32763770368256256,-0.22922977948989393,2,15698.064705354358,144.0,30297.861199222505,6551.090114011847,0.17778226735204306,6834.2830996674,0.22556982008494975,12128.261099369542,30297.861199222505,30297.861199222505,0.40030089977706984,1.0,229,229,220.0,5,16,0.0,0.6812554332657015,-0.0028473431657014547,0.69,0.0,0.01159190989999992,0.7,0.0,0.6699999999999999,14.0,-0.008408090100000098,0.6799999928,23.0,0.670000052,5.0,-0.008408038100000015,0.6799999997,41.0,0.6799999637,9.0,0.0015918736000000155,0.6799999637,9.0,0.67,0.0,-0.008408090099999987,0.67,0.0,0.21159190989999999
0xf533732b78d2c64a29a1a70f375ffd1f39d32b2024127798ccb4411e77743e11,2026-08-01|astralis|mouz,Counter-Strike: Astralis vs MOUZ (BO3) - BLAST Bounty Playoffs,Counter-Strike,series winner,1785600984,2026-08-01T16:16:24+00:00,1785612000,gammaClosedTime,1785593400.0,-126.4,0,MOUZ,MOUZ,1,0.66,1.0,28477.125600000003,28477.125600000003,28477.125600000003,50198.54434923,24233.8931,7519,18750.092135,0.66,0,0.009999984200000034,0.0,0.030000000000000027,-0.49313796735796994,-0.5249978017486078,0.15344855771843371,3,25388.649,343.0,28477.125600000003,3.882351999999888,0.00013631371496903994,28477.125600000003,1.0,28477.125600000003,28477.125600000003,28477.125600000003,1.0,1.0,0,0,0.0,1,1,0.0,0.66,0.0,0.6699999987,0.0,0.009999998700000012,0.6699999987,0.0,0.6600000228,15.0,2.2799999999101317e-08,0.6699999997,17.0,0.6699999999999999,3.0,0.009999999999999898,0.68,3.0,0.6799999728,2.0,0.019999972799999988,0.6799999728,2.0,0.6699999999999999,20.0,0.009999999999999898,0.68,56.0,0.17999999999999994
0x78bdd0292451fd2041616eb96114f931c661f262a51c3c1306913b7d33ca6e1f,2026-08-01|st louis cardinals|toronto blue jays,St. Louis Cardinals vs. Toronto Blue Jays,MLB,match winner,1785614768,2026-08-01T20:06:08+00:00,1785622110,gammaClosedTime,1785611220.0,-59.13333333333333,0,St. Louis Cardinals,Toronto Blue Jays,0,0.31,1.0,28008.757999999998,28008.757999999998,28008.757999999998,55779.282647680004,-55790.1238,215,104982.715144,0.30000000000000004,13,5.551115123125783e-17,0.07000000000000003,-0.07999999999999996,0.3118118501673952,0.9090277115675721,-0.06477139729051865,3,2505.2712000000006,27.0,28008.757999999998,23.297140999728512,0.0008310892969689574,7130.0,0.25456323340006726,7130.0,28008.757999999998,28008.757999999998,0.25456323340006726,1.0,158,158,155.0,2,5,0.0,0.30248391234770106,0.007516087652298942,0.3496897301,0.0,0.03968973009999999,0.3496897301,0.0,0.33999999999999997,1.0,0.02999999999999997,0.35,3.0,0.3499999944,4.0,0.039999994400000016,0.3499999944,4.0,0.32499999999999996,12.0,0.014999999999999958,0.30638294115,22.0,0.3099999885,15.0,-1.1500000007824696e-08,0.3099999885,15.0,-0.14999995419999995
0xe2d87eb5e64cbfeb3c918bb8330a19f4e9a8f8ba118372e674ee2dc67389b0a9,2026-08-01|chicago white sox|tampa bay rays,Chicago White Sox vs. Tampa Bay Rays,MLB,match winner,1785618369,2026-08-01T21:06:09+00:00,1785624042,gammaClosedTime,1785615000.0,-56.15,0,Tampa Bay Rays,Tampa Bay Rays,1,0.58965016,1.0,30684.934399275204,30684.934399275204,30684.934399275204,220817.60413917,150997.917,21,247442.894529,0.5700000000000001,27,0.021825058700000066,-0.09500000050000001,-0.019999967499999993,-1.0,-0.9991219508763478,-0.8859616561508242,0,0.0,,30684.934399275204,0.0,0.0,30684.934399275204,1.0,30684.934399275204,30684.934399275204,30684.934399275204,1.0,1.0,0,0,,1,0,0.0,0.58965016,0.0,0.6,6.0,0.010349839999999944,0.5899999713,9.0,0.5800000224999999,3.0,-0.0096501375000001,0.5900000000000001,6.0,0.54,0.0,-0.04965016,0.54,0.0,0.52000007085,3.0,-0.06965008915000004,0.5299999712,15.0,0.63,3.0,0.04034983999999997,0.63,3.0,0.020349839999999952
0xac064f6da1a6b6b3973b1c62cd46585f27538c952f29d341eb56475fc55b77ba,2026-08-01|minnesota twins|seattle mariners,Minnesota Twins vs. Seattle Mariners,MLB,match winner,1785623159,2026-08-01T22:25:59+00:00,1785627027,gammaClosedTime,1785615000.0,-135.98333333333332,0,Minnesota Twins,Seattle Mariners,0,0.46,1.0,32036.8564,32036.8564,32036.8564,81817.38583336001,-81829.638,4811,247442.894529,0.4599999989,40,-0.010000001000000036,0.029999998899999936,0.12999999889999997,0.9692722687375428,0.8717890427988125,-0.2519687183135269,1,2338.20052566,41.0,32036.8564,0.0,0.0,32036.8564,1.0,32036.8564,32036.8564,32036.8564,1.0,1.0,0,0,,1,0,0.0,0.46,0.0,0.4699999692,4.0,0.009999969199999958,0.4699999692,4.0,0.46499999734999997,3.0,0.004999997349999952,0.4699999731,3.0,0.44999999999999996,3.0,-0.010000000000000064,0.46,10.0,0.44999999999999996,27.0,-0.010000000000000064,,,0.4900000204,1.0,0.030000020399999994,0.5,34.0,0.010000010100000012
0x210aa90760d39f87a297f72c9dd67254b847bcfb74b1d5083a3865d1c98a77d6,2026-08-01|canadian open qualification dalibor svrcina|titouan droguet,"Canadian Open, Qualification: Dalibor Svrcina vs Titouan Droguet",Tennis,match winner,1785624678,2026-08-01T22:51:18+00:00,1785626592,gammaClosedTime,1785616200.0,-141.3,0,Titouan Droguet,Titouan Droguet,1,0.9470502688,1.0,89022.64950317849,89022.64950317849,89022.64950317849,89319.38904,4745.0749,6330,247442.894529,0.9299999999999999,0,0.029999999999999916,0.3999999999999999,0.4290636321,-0.791139287781764,0.11931955145602263,0.120723838426598,3,6136.8857418239995,139.0,89022.64950317849,0.0,0.0,89022.64950317849,1.0,89022.64950317849,89022.64950317849,89022.64950317849,1.0,1.0,0,0,,1,0,0.0,0.9470502687999999,1.1102230246251565e-16,0.97,0.0,0.02294973119999999,0.97,0.0,0.99,5.0,0.04294973120000001,0.99,5.0,0.99,6.0,0.04294973120000001,,,0.999,11.0,0.051949731200000016,,,0.999,9.0,0.051949731200000016,,,
0x390760f26e4c433dbcb6ff15cbb1202561e1c29a6e6cb451d1553d3e1809590e,2026-08-01|ana grubor|national bank open qualification maya joint,"National Bank Open, Qualification: Maya Joint vs Ana Grubor",Tennis,match winner,1785625529,2026-08-01T23:05:29+00:00,1785629474,gammaClosedTime,1785618000.0,-125.48333333333333,0,Maya Joint,Maya Joint,1,0.7795154331,1.0,55826.05788244552,55826.05788244552,55826.05788244552,196595.19632435997,116164.152,7181,247442.894529,0.76,8,0.004899790799999915,0.15200004170000003,0.10899999999999999,0.9714440230052228,0.694002767203508,0.847181283207055,3,6467.280247941152,861.0,55826.05788244552,0.0,0.0,55826.05788244552,1.0,55826.05788244552,55826.05788244552,55826.05788244552,1.0,1.0,0,0,,1,0,0.0,0.7795154331,0.0,0.8479999852,0.0,0.06848455209999993,0.8479999852,0.0,0.86,18.0,0.08048456689999994,0.8604835040000001,18.0,0.815,10.0,0.0354845668999999,0.7269999472,15.0,0.6599237863,4.0,-0.1195916468,0.6599237863,4.0,0.5589999577,6.0,-0.22051547540000005,0.5589999577,6.0,-0.14013536410000005
0x45e70758d89361e3596e4c73873af9b6728e2361ffff057160fb439f07d7db5d,2026-08-01|cincinnati reds|pittsburgh pirates,Pittsburgh Pirates vs. Cincinnati Reds,MLB,match winner,1785627852,2026-08-01T23:44:12+00:00,1785640980,gammaClosedTime,1785624000.0,-64.2,0,Pittsburgh Pirates,Pittsburgh Pirates,1,0.83,1.0,97164.90909999999,97164.90909999999,97164.90909999999,180921.6036747,2790.906,9504,247442.894529,0.8455590373,29,0.020559037300000083,0.005559037300000069,0.025559037300000087,-0.9207385639412363,-0.49204826981572,0.8381447571668379,1,13488.894400000001,109.0,97164.90909999999,0.0,0.0,97145.69829999999,0.9998022866467129,97145.69829999999,97164.90909999999,97164.90909999999,0.9998022866467129,1.0,109,109,,2,0,0.0,0.8300019536008272,-1.953600827220292e-06,0.83,3.0,0.0,0.83,3.0,0.8299999834,3.0,-1.6599999930200227e-08,0.8299999834,3.0,0.83,14.0,0.0,0.83,14.0,0.8299999355,5.0,-6.450000000768341e-08,0.8299999355,5.0,0.8100000159,5.0,-0.019999984099999923,0.82,51.0,0.040000000000000036
0x41a72062c2008a62da644c433c5c01ed090d463eef4be17e7e7e860914566afb,2026-08-01|chicago cubs|new york yankees,New York Yankees vs. Chicago Cubs,MLB,match winner,1785631169,2026-08-02T00:39:29+00:00,1785637187,gammaClosedTime,1785626100.0,-84.48333333333333,0,New York Yankees,Chicago Cubs,0,0.4919467118,1.0,40886.39470149587,40886.39470149587,40886.39470149587,233385.999988,-233409.2966,12821,247442.894529,0.48,2,0.0,0.09999999999999998,0.24,-0.9380554148516975,-0.6208111260078503,0.5327864383604531,2,7393.132607878176,563.0,40886.39470149587,611.76,0.014741860316452771,40886.39470149587,1.0,40886.39470149587,40886.39470149587,40886.39470149587,1.0,1.0,0,0,0.0,1,1,0.0,0.4919467118,0.0,0.5,1.0,0.008053288200000008,0.5,1.0,0.5,0.0,0.008053288200000008,0.4899999846,57.0,0.48,6.0,-0.01194671180000001,0.4899999846,27.0,0.4600000128,0.0,-0.03194669899999997,0.47,1.0,0.46000000100000005,36.0,-0.031946710799999944,0.4699999915,58.0,-0.07194671179999995
0x5e08ecbac37a8a72dfafb83a8d8df19a11f8a42601c042daa6a747246f400ce5,2026-08-02|boston red sox|los angeles dodgers,Boston Red Sox vs. Los Angeles Dodgers,MLB,match winner,1785634580,2026-08-02T01:36:20+00:00,1785641837,gammaClosedTime,1785633000.0,-26.333333333333332,0,Boston Red Sox,Boston Red Sox,1,0.23,0.9958759551205314,29296.69889925573,25062.814500254663,25062.814500254663,189993.11051551998,579635.4928,16232,247442.894529,0.2299999557,2,-0.029999944899999992,-0.23000004429999996,-0.2700000443,-0.9999023750226305,-0.9920119707964834,-0.988238930143483,0,0.0,,25062.814500254663,112575.48196399999,0.8179081320818034,4852.8436,0.19362724006717963,12124.917000254663,25062.814500254663,25062.814500254663,0.48378114118553855,1.0,86429,87,87.0,3,17,0.0,0.24053022898242918,-0.010530228982429168,0.25,0.0,0.01999999999999999,0.25,0.0,0.22999999999999998,4.0,-2.7755575615628914e-17,0.24,9.0,0.23000013860000001,7.0,1.386000000047627e-07,0.18999999999999995,22.0,0.1699999759,7.0,-0.06000002410000002,0.1699999759,7.0,0.2199999985,10.0,-0.010000001500000022,0.2199999985,10.0,0.12999999999999998
0x583760d35b02f8c19aefd2ed36b6a880a97f51b0941c8248c812b237680f5a9a,2026-08-02|chicago cubs|new york yankees,New York Yankees vs. Chicago Cubs,MLB,match winner,1785700463,2026-08-02T19:54:23+00:00,1785706019,gammaClosedTime,1785694800.0,-94.38333333333334,0,Chicago Cubs,New York Yankees,0,0.546406273,1.0,41619.50900346169,41619.50900346169,41619.50900346169,250904.26046466,-250939.3315,113,249911.107364,0.56,1,0.07999999830000004,0.20000000340000007,0.27,0.9382704798485769,0.8146574711649291,0.8162998263876329,1,8779.78166800679,17.0,41619.50900346169,110310.10222200002,0.7260605837943017,41619.50900346169,1.0,41619.50900346169,41619.50900346169,41619.50900346169,1.0,1.0,3,0,3.0,1,5,0.0,0.546406273,0.0,0.613644846,0.0,0.06723857300000002,0.6207352695,0.0,0.545,0.0,-0.001406272999999958,0.52,7.0,0.5199999813,3.0,-0.026406291699999973,0.5199999813,3.0,0.49000004340000003,6.0,-0.05640622959999997,0.5,9.0,0.4,7.0,-0.14640627299999998,0.4,7.0,-0.286406368
0x3c6d94d69450d7a4c235efde3d2f4aa13f157cba253a4292971659999b92fd4c,2026-08-02|boston red sox|los angeles dodgers,Boston Red Sox vs. Los Angeles Dodgers,MLB,match winner,1785706529,2026-08-02T21:35:29+00:00,1785725145,gammaClosedTime,1785712800.0,104.51666666666667,1,Boston Red Sox,Boston Red Sox,1,0.38,1.0,72332.2058,72332.2058,72332.2058,313718.85202404,473292.0327,53,249925.682892,0.38,2,3.000000248221113e-10,4.700000000301685e-09,0.010000000000000009,-1.0,0.9806947649086657,0.7502831517341375,0,0.0,,78162.69399999999,2791.5167721066778,0.03448266304473089,72332.2058,0.9254057415165348,78162.69399999999,78162.69399999999,78162.69399999999,1.0,1.0,3,0,3.0,2,6,0.0,0.37999999999999995,5.551115123125783e-17,0.38000002079999995,0.0,2.0799999944642877e-08,0.3899999735,3.0,0.3899999798,1.0,0.009999979800000003,0.3899999798,1.0,0.3800000061,4.0,6.100000005115902e-09,0.39,7.0,0.389999887,25.0,0.009999886999999985,0.38999992455,25.0,0.3744245854,58.0,-0.005575414599999995,0.389999999,60.0,-0.010000000000000009
0x19dc5dcea97c9d6db76be745c0612194f761a9fbd9629fceee73a551b3b623d1,2026-08-04|chicago cubs|los angeles dodgers,Los Angeles Dodgers vs. Chicago Cubs,MLB,match winner,1785794729,2026-08-03T22:05:29+00:00,1785812549,gammaClosedTime,1785801900.0,119.51666666666667,1,Los Angeles Dodgers,Chicago Cubs,0,0.54,1.0,66883.0716,66883.0716,66883.0716,90989.33507587001,-90994.5974,9465,31569.604933,0.54,14,1.500000013088254e-09,3.4600000087259275e-08,0.0,1.0,1.0,1.0,0,0.0,,66883.0716,0.0,0.0,66883.0716,1.0,66883.0716,66883.0716,66883.0716,1.0,1.0,0,0,,1,0,0.0,0.54,0.0,0.5499999727,21.0,0.00999997269999997,0.5499999727,21.0,0.5499999727,6.0,0.00999997269999997,0.5499999727,6.0,0.5499999807,1.0,0.009999980699999966,0.5499999807,1.0,0.5499999807,15.0,0.009999980699999966,0.5499999807,15.0,0.54,9.0,0.0,0.55,15.0,
0x01a85ca8e7cbbaeec3012b79fc16c785a7fb148da94316848b0c77b840670cc5,2026-08-04|arizona diamondbacks|san diego padres,San Diego Padres vs. Arizona Diamondbacks,MLB,match winner,1785806772,2026-08-04T01:26:12+00:00,1785817920,gammaClosedTime,1785807600.0,13.8,1,Arizona Diamondbacks,Arizona Diamondbacks,1,0.5,1.0,65759.41,65759.41,65759.41,188090.88282809997,174582.8673,186,125247.101477,0.5,12,0.009999999699999984,0.010000000000000009,-0.00999995659999997,1.0,0.7802298171920129,-0.6652176860754757,1,1816.55,13.0,65759.41,10.79,0.00016405606186388363,65759.41,1.0,65759.41,65759.41,65759.41,1.0,1.0,0,0,0.0,1,1,0.0,0.5,0.0,0.5049999893,3.0,0.004999989300000007,0.5099999786,3.0,0.5099999909,2.0,0.009999990900000033,0.5099999909,2.0,0.5,5.0,0.0,0.51,56.0,0.5099999564,27.0,0.009999956399999954,0.5099999564,27.0,0.5,35.0,0.0,0.5,35.0,0.014260588600000013
0x96415c944b8ff9333812b0b8f8a7f23b766cbc72eb6106f815d167d977426041,2026-08-04|diana shnaider|national bank open rebecca sramkova,National Bank Open: Rebecca Sramkova vs Diana Shnaider,Tennis,match winner,1785870113,2026-08-04T19:01:53+00:00,1785875624,gammaClosedTime,1785867300.0,-46.88333333333333,0,Diana Shnaider,Diana Shnaider,1,0.85,1.0,33031.493499992066,33031.493499992066,33031.493499992066,66235.1739692,11409.6881,8664,25314.915524,0.84,7,-0.03499999800000009,-0.08999999749999998,-0.020000000000000018,-0.9732085813745214,-0.7800468991258865,-0.634604116001807,0,0.0,,33031.493499992066,1625.54,0.04690361048935051,26859.481499999998,0.8131476555853113,26859.481499999998,33031.493499992066,33031.493499992066,0.8131476555853113,1.0,135,135,129.0,2,3,0.0,0.8499665483935912,3.3451606408774204e-05,0.85,0.0,0.0,0.82,18.0,0.82,3.0,-0.030000000000000027,0.82,3.0,0.79,10.0,-0.05999999999999994,0.7799999719,16.0,0.79,6.0,-0.05999999999999994,0.79,6.0,0.8200000000000001,1.0,-0.029999999999999916,0.81,16.0,-0.09999999999999998
0x09396b2e3cec4ced5c176724d51bd577c15051a283db94cae83a747efd015f3f,2026-08-05|chicago cubs|los angeles dodgers,Los Angeles Dodgers vs. Chicago Cubs,MLB,match winner,1785889394,2026-08-05T00:23:14+00:00,1785898455,gammaClosedTime,1785888300.0,-18.233333333333334,0,Los Angeles Dodgers,Chicago Cubs,0,0.65,1.0,126726.144,126726.144,126726.144,132244.65075807,-132263.0598,54,132263.928272,0.65,10,0.0,0.0399999996,0.02000000285000003,0.6587293379182597,0.8507007938942676,0.6208930987681627,2,3717.0887305500005,756.0,126726.144,10.366576999944325,8.179629494884992e-05,117000.0,0.9232506908755939,126726.144,126726.144,126726.144,1.0,1.0,33,33,30.0,2,3,0.0,0.6492214484743882,0.0007785515256117925,0.645,4.0,-0.0050000000000000044,0.65,4.0,0.6699999955,3.0,0.01999999549999998,0.6699999955,3.0,0.61,1.0,-0.040000000000000036,0.61,1.0,0.61,6.0,-0.040000000000000036,0.61,6.0,0.69,48.0,0.039999999999999925,0.69,48.0,0.06999999810000002
0xf57902fb236a32a52a6230e8c7c46d0ecd13cd04b43fb48064007666b0ef1ce5,2026-08-05|1win|betboom team,Dota 2: 1win vs BetBoom Team (BO3) - 1win Essence Playoffs,Dota 2,series winner,1785901457,2026-08-05T03:44:17+00:00,1785939629,gammaClosedTime,1785920400.0,315.71666666666664,1,1win,1win,1,0.4995662173,1.0,207213.88831773552,207213.88831773552,207213.88831773552,479988.0257961,469566.3677,429,66608.381012,0.46,124,0.0,-0.009999988699999962,0.020000000000000018,,0.5647463881087729,0.514984373747075,1,2171.6643032248303,197.0,207213.88831773552,125.36395799888889,0.0006046320540992934,205384.12611782728,0.9911696932345455,205384.12611782728,205546.08111782727,207021.12791773552,0.9911696932345455,0.9919512769465004,1241,1241,426.0,4,6,0.0,0.49908033587333145,0.00048588142666855516,0.47000005320000005,3.0,-0.02956616409999996,0.4699999542,12.0,0.4699999887,0.0,-0.029566228600000022,0.4699999887,0.0,0.5,0.0,0.0004337826999999961,0.5099999255,4.0,0.5,1.0,0.0004337826999999961,0.5099999737,48.0,0.5,3.0,0.0004337826999999961,0.5,4.0,0.01043376130000001
0xa273f7c9d62be8001598e7cb675a7a60b1681b1d226af4e9fe2d6fd8f02434a6,2026-08-05|1win|team liquid,Dota 2: Team Liquid vs 1win (BO3) - 1win Essence Playoffs,Dota 2,series winner,1785936084,2026-08-05T13:21:24+00:00,1785951375,gammaClosedTime,1785935700.0,-6.4,0,1win,Team Liquid,0,0.65,1.0,92762.22450006845,92762.22450006845,92762.22450006845,169421.99613468998,-169447.6015,26967,31788.715476,0.6499999963,8,0.00999997330000002,0.009999996300000036,0.02999999650000007,-0.8208915237102192,-0.7603399265813597,-0.18922647711132504,1,10338.33510125,442.0,92762.22450006845,5108.624719993966,0.052197613086070536,70180.79900000001,0.7565665806122214,70180.79900000001,71597.30190004931,71777.89240004931,0.7565665806122214,0.7718368364484023,1204,1204,1065.0,5,12,0.0,0.6387342877444692,0.011265712255530858,0.64,9.0,-0.010000000000000009,0.64,9.0,,,,,,,,,,,,,,,,0.6,12.0,-0.050000000000000044,0.62,33.0,-0.020000000000000018
0x8829c327e1a8115ae11f32d17a2041a4fa9983264e389a4c1cd0c6b92149888a,2026-08-05|mariano navone|national bank open valentin vacherot,National Bank Open: Valentin Vacherot vs Mariano Navone,Tennis,match winner,1785942441,2026-08-05T15:07:21+00:00,1785951951,gammaClosedTime,1785942300.0,-2.35,0,Valentin Vacherot,Mariano Navone,0,0.6044575487,1.0,26563.97500120916,26563.97500120916,26563.97500120916,695490.16655098,-695547.7384,33324,31788.715476,0.6,87,0.0,0.009999972000000024,0.009999999999999898,,0.29846519576970265,0.8515763674757751,2,5538.6445187381005,340.0,26563.97500120916,1329.8,0.04767371931344376,26563.97500120916,1.0,26563.97500120916,26563.97500120916,26563.97500120916,1.0,1.0,0,0,0.0,1,1,0.0,0.6044575487,0.0,0.61,0.0,0.005542451299999973,0.6199999554,8.0,0.6199999554,6.0,0.015542406699999955,0.6199999554,6.0,0.6100000204,5.0,0.005542471699999996,0.61999999985,11.0,0.6199999854,6.0,0.015542436699999995,0.6199999854,6.0,0.6,0.0,-0.004457548700000036,0.61,6.0,0.09285427930000001
0xba2acfcbd1998eba588db39af8e7549a36835cd64e1d7e25f5748744267d04d7,2026-08-05|team falcons|team liquid,Dota 2: Team Falcons vs Team Liquid (BO5) - 1win Essence Playoffs,Dota 2,series winner,1785953180,2026-08-05T18:06:20+00:00,1785971817,gammaClosedTime,1785949200.0,-66.33333333333333,0,Team Liquid,Team Liquid,1,0.4138443349,1.0,27668.14829937528,27668.14829937528,27668.14829937528,638090.0640299999,1026958.6674,1110,138231.105049,0.36,7,0.010000000000000009,0.005000011499999957,0.010000000000000009,-0.9961661341853035,-0.983759158438341,-0.9829024047944874,0,0.0,,27668.14829937528,303165.43373896554,0.916368380353332,20231.930798837522,0.7312354473426883,20234.380798837523,21951.5462989159,22629.7070989159,0.7313239968174666,0.7933868960580764,3402,3402,1215.0,10,597,0.0,0.3870203717459197,0.02682396315408031,0.42000000000000004,0.0,0.006155665100000041,0.26,30.0,0.42000000000000004,0.0,0.006155665100000041,0.26,15.0,0.3899999744,0.0,-0.023844360499999995,0.3899999744,0.0,0.4,9.0,-0.013844334899999977,0.41,9.0,0.4,0.0,-0.013844334899999977,0.4189005225,43.0,-0.1638443349
0x21f7bd0f524ba1639ff2ac1b0d2859188642e5585e46b755ed38d5bc0f81bfef,2026-08-06|joblife|natus vincere,Valorant: Natus Vincere vs Joblife (BO3) - VCT EMEA Play-Ins,Valorant,series winner,1785991097,2026-08-06T04:38:17+00:00,1786057647,gammaClosedTime,1786040400.0,821.7166666666667,1,Natus Vincere,Joblife,0,0.6906467539,1.0,28481.840598508577,28481.840598508577,28481.840598508577,31568.91793968,-31572.8091,1895,50000.0,0.6799999873,121,0.0,-1.0000000050247593e-08,0.004999994600000002,,1.0,1.0,0,0.0,,28481.840598508577,2636.9681259966205,0.08473872343063317,18190.675498738077,0.6386762623652424,18190.675498738077,18190.675498738077,18190.675498738077,0.6386762623652424,0.6386762623652424,1676,1674,1676.0,2,40,0.0,0.6806864498738033,0.009960304026196631,,,,,,0.6799999984,48.0,-0.010646755499999938,0.6799999984,48.0,0.6799999984,18.0,-0.010646755499999938,0.6799999984,18.0,,,,,,,,,,,-0.03064665869999994
0x60103a0f8a721a843b08c7d4cee854435624c3c0bd2e104fceb5e673b2a5c40f,2026-08-06|alex de minaur|national bank open cameron norrie,National Bank Open: Cameron Norrie vs Alex de Minaur,Tennis,match winner,1786052645,2026-08-06T21:44:05+00:00,1786057182,gammaClosedTime,1786044900.0,-129.08333333333334,0,Alex de Minaur,Cameron Norrie,0,0.7677803058,1.0,62765.679142406276,62765.679142406276,62765.679142406276,98738.18175605999,-98740.3496,198,98741.521473,0.75,1,-0.029999981300000034,-0.14725379539999994,-0.20799469280000005,0.8556805149493826,-0.0012481873191299592,0.08922714346279244,2,8346.690335937776,668.0,62765.679142406276,9655.197391000174,0.1333206369926551,62765.679142406276,1.0,62765.679142406276,62765.679142406276,62765.679142406276,1.0,1.0,0,0,0.0,1,6,0.0,0.7677803058,0.0,0.7639998833,3.0,-0.0037804224999999914,0.7639998833,3.0,0.762,0.0,-0.005780305799999996,0.7644716246000001,3.0,0.7629999441,1.0,-0.004780361699999958,0.7629999441,1.0,0.7505667124,0.0,-0.01721359340000006,0.755,1.0,0.82999993795,7.0,0.06221963215000004,0.83,7.0,-0.1497803058
0x75925ee36022684960b17d5d8842a0d88ab1f9125f975f9590f34496fbd066d5,2026-08-06|atlanta braves|miami marlins,Miami Marlins vs. Atlanta Braves,MLB,match winner,1786057314,2026-08-06T23:01:54+00:00,1786073070,gammaClosedTime,1786058100.0,13.1,1,Atlanta Braves,Atlanta Braves,1,0.61,1.0,244204.8929,244204.8929,244204.8929,317968.56181467,93627.2548,70,250055.463012,0.61,33,0.010000000000000009,0.010000000000000009,0.01999994369999991,1.0,0.9726992323911364,0.9607201384173615,4,9149.969500000001,310.0,244204.8929,0.0,0.0,244204.8929,1.0,244204.8929,244204.8929,244204.8929,1.0,1.0,0,0,,1,0,0.0,0.61,0.0,0.6099999756,5.0,-2.4400000020463608e-08,0.6099999756,5.0,0.6099999786,0.0,-2.13999999942871e-08,0.6099999786,0.0,0.6099999771,0.0,-2.2900000007375354e-08,0.6099999771,0.0,0.6099999897,8.0,-1.0299999964047402e-08,0.6099999897,8.0,0.609999939,32.0,-6.099999994013672e-08,0.609999939,32.0,0.019999996799999975
0xef170b8d9258e0c9a11eb9f93c7e9e99bdec3bd5552af72b882216ab26fba44a,2026-08-07|edward gaming|lol jd gaming,LoL: JD Gaming vs EDward Gaming (BO3) - LPL Group Ascend,League of Legends,series winner,1786083243,2026-08-07T06:14:03+00:00,1786103055,gammaClosedTime,1786086000.0,45.95,1,JD Gaming,JD Gaming,1,0.82,1.0,39187.348999999995,39187.348999999995,39187.348999999995,440058.6836568,76698.3783,2598,194413.372373,0.82,13,0.0,0.009999999999999898,9.999999717180685e-10,1.0,1.0,-0.23046683924701453,0,0.0,,39187.348999999995,0.0,0.0,39187.348999999995,1.0,39187.348999999995,39187.348999999995,39187.348999999995,1.0,1.0,0,0,,1,0,0.0,0.82,0.0,0.8299999967,0.0,0.009999996700000069,0.8299999967,0.0,0.8399999933,1.0,0.01999999330000002,0.8399999933,1.0,0.84,25.0,0.020000000000000018,0.849999983,31.0,0.84,10.0,0.020000000000000018,0.849999983,16.0,0.85,9.0,0.030000000000000027,0.86,21.0,0.020000000000000018
0x328a0d56ad08af70ae82a7b677bd057bb4eeafffad91d460afd4ae3b619549dc,2026-08-07|leylah fernandez|national bank open mirra andreeva,National Bank Open: Mirra Andreeva vs Leylah Fernandez,Tennis,match winner,1786085233,2026-08-07T06:47:13+00:00,1786134150,gammaClosedTime,1786127100.0,697.7833333333333,1,Mirra Andreeva,Leylah Fernandez,0,0.75,1.0,27547.014699445648,27547.014699445648,27547.014699445648,42650.273776,-42653.1479,4588,194413.372373,0.75,3,0.0,0.0,0.020000009999999957,-0.8458999750861521,-0.7891896213059524,-0.32717148676213753,0,0.0,,27547.014699445648,239.79179999999997,0.008629699854309773,5955.0975,0.21617941417513525,17421.067499999997,18387.5075,19045.5229,0.6324121756957779,0.6674954691322696,907,907,876.0,6,12,0.0,0.746291496460235,0.00370850353976504,0.75,5.0,0.0,0.75,9.0,0.74,2.0,-0.010000000000000009,0.7599999696,6.0,0.75,6.0,0.0,0.759999988,23.0,0.75,39.0,0.0,0.75,39.0,0.75,48.0,0.0,0.75,48.0,-0.010000000000000009
0x3773cbfc174f847670c2d98e54ce030d022d7b057f476c2cffb0a52ba09dd0f4,2026-08-07|lol bilibili gaming|top esports,LoL: Bilibili Gaming vs Top Esports (BO3) - LPL Group Ascend,League of Legends,series winner,1786109527,2026-08-07T13:32:07+00:00,1786122208,gammaClosedTime,1786105800.0,-62.11666666666667,0,Top Esports,Top Esports,1,0.6382062669,1.0,150162.3308929009,150162.3308929009,150162.3308929009,524457.3512761199,308317.7309,28882,194413.372373,0.62,0,0.0,0.12,0.416127451,-0.9840890061556586,-0.6955386068854741,-0.615317481837099,2,16836.819484034346,105.0,150162.3308929009,97227.90961307239,0.3930143299679795,135854.34259286145,0.9047165276740128,149023.32239286145,150162.3308929009,150162.3308929009,0.9924148187280615,1.0,286,286,286.0,4,152,0.0,0.635351296479444,0.0028549704205560467,0.63,0.0,-0.008206266900000037,0.64,17.0,0.63,0.0,-0.008206266900000037,0.64,2.0,0.6300000043,0.0,-0.008206262600000014,0.64,5.0,0.6300000229,2.0,-0.00820624400000003,0.64,18.0,0.6299999811,2.0,-0.008206285800000046,0.6299999811,2.0,-0.03820626690000006
0x62a0da37f0276ab1128827f0c4a7e2a491cb4d171165d99553faecef1394d3d7,2026-08-07|grodzisk mazowiecki joel schwaerzler|ilya ivashka,Grodzisk Mazowiecki: Joel Schwaerzler vs Ilya Ivashka,Tennis,match winner,1786112616,2026-08-07T14:23:36+00:00,1786115719,gammaClosedTime,1786107000.0,-93.6,0,Joel Schwaerzler,Joel Schwaerzler,1,0.815952138,1.0,50843.857401754736,50843.857401754736,50843.857401754736,700784.44496331,176332.068,31971,194413.372373,0.8005759367,1,-0.009424054399999937,0.030575936700000028,-0.009424063300000007,-0.8140981190395132,-0.7300540017989486,-0.5681371532614821,0,0.0,,50843.857401754736,1272.7389860007734,0.024420992048893583,35953.89470175474,0.707143331349873,50843.857401754736,50843.857401754736,50843.857401754736,1.0,1.0,20,20,17.0,2,4,0.0,0.8141999763277744,0.0017521616722255828,0.8,1.0,-0.01595213799999995,0.8099999233,3.0,0.8199999836,4.0,0.004047845600000044,0.8199999836,4.0,0.8199999696,1.0,0.004047831599999996,0.8199999696,1.0,0.8,0.0,-0.01595213799999995,0.8099999881,0.0,0.8099999838,18.0,-0.005952154199999948,0.8099999838,18.0,-0.025952177749999916
0x3d97a6235af5d7d81d3c39c13bdbb2add007270d666178dcc7b0c5375ac140ee,2026-08-07|joao fonseca|national bank open casper ruud,National Bank Open: Casper Ruud vs Joao Fonseca,Tennis,match winner,1786148428,2026-08-08T00:20:28+00:00,1786152913,gammaClosedTime,1786144200.0,-70.46666666666667,0,Joao Fonseca,Joao Fonseca,1,0.76,1.0,31673.582199000848,31673.582199000848,31673.582199000848,32660.90588628,23629.8498,2809,17318.325726,0.75,9,0.0,0.0,0.16000000530000003,-0.9971855547746628,-0.37492248823515933,-0.355307127378032,4,7600.0,135.0,31673.582199000848,323.8703249915462,0.010121753434861764,15122.989199999998,0.47746380895549784,15122.989199999998,15122.989199999998,15122.989199999998,0.47746380895549784,0.47746380895549784,2715,2715,2709.0,5,6,0.0,0.569713714026411,0.190286285973589,0.75,9.0,-0.010000000000000009,0.76,11.0,0.7599999913,0.0,-8.700000053707413e-09,0.7599999913,0.0,0.76,23.0,0.0,0.76,23.0,0.75,11.0,-0.010000000000000009,0.7599999904,12.0,0.76,14.0,0.0,0.76,14.0,0.17999999999999994
0x2f40b48f8d3177ec141fc216669c06206f37c359c0ace9cde11925055c0638a1,2026-08-07|atlanta braves|new york yankees,Atlanta Braves vs. New York Yankees,MLB,match winner,1786151275,2026-08-08T01:07:55+00:00,1786163533,gammaClosedTime,1786143900.0,-122.91666666666667,0,Atlanta Braves,New York Yankees,0,0.5593583078,1.0,28861.741997949008,28861.741997949008,28861.741997949008,58103.07909756,-58107.8835,5656,17318.325726,0.54,36,0.004999995749999986,0.07000003000000005,0.08000000000000002,-1.0,0.9647342553154198,0.9867777010181762,2,11027.195273552275,204.0,28861.741997949008,0.0,0.0,28861.741997949008,1.0,28861.741997949008,28861.741997949008,28861.741997949008,1.0,1.0,0,0,,1,0,0.0,0.5593583078,0.0,0.5599999998,5.0,0.0006416920000000825,0.5599999998,5.0,0.55,0.0,-0.00935830779999991,0.54999998105,3.0,0.5400000014999999,0.0,-0.019358306300000017,0.55,14.0,0.48,5.0,-0.07935830779999997,0.4799999818,8.0,0.45999999999999996,21.0,-0.09935830779999999,0.45999999999999996,23.0,-0.07935830779999997
0x377d771fbb92cb291fefa615427826f82e66adbf27dd9b2f9142331ea8a6e087,2026-08-08|hanwha life esports|lol t1,LoL: T1 vs Hanwha Life Esports (BO3) - LCK Round 3-4 Legend Group,League of Legends,series winner,1786177119,2026-08-08T08:18:39+00:00,1786195381,gammaClosedTime,1786176000.0,-18.65,0,T1,Hanwha Life Esports,0,0.6,1.0,25072.930300000004,25072.930300000004,25072.930300000004,62918.884882139995,-62924.8915,326,62921.971477,0.5899999705,4,0.01999997049999991,0.14999997050000002,0.15999997119999998,0.5872374136710985,-0.0708423045345026,0.09406016268147756,3,8898.5302848,618.0,25072.930300000004,10508.271235996132,0.29533210747156236,1071.0,0.04271539015126604,4160.7934000000005,25072.930300000004,25072.930300000004,0.1659476315777897,1.0,242,242,240.0,7,11,0.0,0.5598638240728048,0.040136175927195206,0.6,1.0,0.0,0.6099999741,3.0,0.62,1.0,0.020000000000000018,0.62,1.0,0.6199999421,3.0,0.0199999421,0.6199999421,3.0,0.61,12.0,0.010000000000000009,0.62,18.0,0.65,0.0,0.050000000000000044,0.65,0.0,0.11999999240000003
0x0f0da51927fc7b605171b237422b01f26c6f48b2cd2626c6fe3eef402e32a503,2026-08-08|eyeballers|phantom,Counter-Strike: EYEBALLERS vs Phantom (BO3) - Esports World Cup Open Qualifier Group 10,Counter-Strike,series winner,1786189218,2026-08-08T11:40:18+00:00,1786199832,gammaClosedTime,1786180200.0,-150.3,0,Phantom,EYEBALLERS,0,0.5598596612,1.0,77403.67539824857,77403.67539824857,77403.67539824857,128466.95648988,-128476.3943,743,128478.932879,0.5246301813,46,0.024630181300000054,0.024630181300000054,0.25463018130000004,-0.9335620681343918,-0.8081110843973349,-0.646818537047734,0,0.0,,77403.67539824857,7099.9662,0.08401964774198743,77180.23739825167,0.9971133412096094,77180.23739825167,77180.23739825167,77403.67539824857,0.9971133412096094,0.9971133412096094,669,669,666.0,3,37,0.0,0.5596204666351436,0.0002391945648563265,0.51,9.0,-0.04985966119999996,0.48,31.0,0.5,9.0,-0.05985966119999997,0.48,16.0,,,,,,0.5099999786,7.0,-0.049859682599999955,0.5099999786,7.0,0.5099999177,1.0,-0.0498597435,0.5099999177,1.0,-0.18955786519999995
0x67fbafefe6a162338eee27ffe8b4b6c3f0f40102fb246026767d1860a2f2802b,2026-08-08|grodzisk mazowiecki mathys erhard|joel schwaerzler,Grodzisk Mazowiecki: Mathys Erhard vs Joel Schwaerzler,Tennis,match winner,1786195071,2026-08-08T13:17:51+00:00,1786197780,gammaClosedTime,1786187700.0,-122.85,0,Joel Schwaerzler,Joel Schwaerzler,1,0.5075465962,1.0,54456.11400272101,54456.11400272101,54456.11400272101,305832.30449088,304454.1976,74,71211.033333,0.495000004,1,-0.024999996000000024,0.035000050999999976,-0.014999996000000015,-0.944773622681615,-0.9415061463530695,-0.9028919120604785,2,3700.857213647692,66.0,54456.11400272101,164027.17047498384,0.7507538659861277,39398.26900176326,0.7234866042735743,39400.919001763265,54456.11400272101,54456.11400272101,0.7235352673125834,1.0,132,132,131.0,4,48,0.0,0.5048945070003344,0.0026520891996655305,0.5100000605,0.0,0.002453464300000041,0.5199999283,3.0,0.5100000564,0.0,0.002453460200000035,0.5199999184,9.0,0.5300001081,3.0,0.0224535119,0.54,9.0,0.58,0.0,0.07245340379999998,0.5699999966,9.0,0.5950000478499999,6.0,0.08745345164999996,0.6,6.0,0.4914534038
0x41e06a878d9fc4f05a79b517475613e0dba81cc9f7128c6b3f252b0c8b6b4369,2026-08-10|belinda bencic|national bank open alexandra eala,National Bank Open: Alexandra Eala vs Belinda Bencic,Tennis,match winner,1786321143,2026-08-10T00:19:03+00:00,1786329508,gammaClosedTime,1786323000.0,30.95,1,Alexandra Eala,Belinda Bencic,0,0.49,1.0,81871.477,81871.477,81871.477,84940.27820675999,-84944.6924,105,83386.069177,0.49,2,0.019999988299999938,0.019999994600000015,0.0100000019,0.2837147365293897,0.13327972825252202,-0.18320701004257078,2,13668.6431,581.0,81871.477,2.4,2.93133791624403e-05,75304.1506,0.9197849282723944,81871.477,81871.477,81871.477,1.0,1.0,26,26,18.0,2,1,0.0,0.48918250396576035,0.0008174960342396398,0.48000000750000005,0.0,-0.009999992499999943,0.4899999534,3.0,0.4899999534,1.0,-4.65999999699207e-08,0.4899999534,1.0,0.4800000017,1.0,-0.00999999829999998,0.49,10.0,0.4899999998,12.0,-2.000000165480742e-10,0.4899999998,12.0,0.48,1.0,-0.010000000000000009,0.4899999894,57.0,-7.000000024071085e-10
0x5ab81751e1511a260f8a26d80687d8d2e0bdc05fe480e48fbb504fc2585bf0b4,2026-08-10|gen g|lol hanwha life esports,LoL: Hanwha Life Esports vs Gen.G (BO3) - KeSPA Cup Last Chance Qualifier,League of Legends,series winner,1786329003,2026-08-10T02:30:03+00:00,1786361130,gammaClosedTime,1786341600.0,209.95,1,Gen.G,Hanwha Life Esports,0,0.58,1.0,26827.994099999996,26827.994099999996,26827.994099999996,300208.77821848,-300215.1262,723,238023.73158,0.5799999192,2,0.009999976200000038,0.029999929700000094,0.03999992600000002,0.7302387837265251,0.1789386654816358,0.3868124823135312,0,0.0,,26827.994099999996,542.4798079676143,0.01981989094495354,7155.007599999999,0.2666993131625894,20023.0345,26827.994099999996,26827.994099999996,0.7463485501512022,1.0,120,120,110.0,5,10,0.0,0.5676769822464421,0.012323017753557819,0.569999959,1.0,-0.01000004099999996,0.569999959,1.0,0.5799999895,0.0,-1.0499999980595476e-08,0.5799999895,0.0,0.5899999941,16.0,0.009999994100000076,0.5899999941,16.0,0.5800001442,0.0,1.4420000005177513e-07,0.5899999826,0.0,0.6,7.0,0.020000000000000018,0.6,7.0,0.01000000000000012
0xc59fe4d5bb2d245f6bbd47a9fb3a8bd26095a43cfd15389360e595c1704ee908,2026-08-10|kiwoom drx|lol dn soopers,LoL: DN SOOPers vs Kiwoom DRX (BO3) - KeSPA Cup Last Chance Qualifier,League of Legends,series winner,1786353337,2026-08-10T09:15:37+00:00,1786370608,gammaClosedTime,1786352400.0,-15.616666666666667,0,DN SOOPers,DN SOOPers,1,0.6197602074,1.0,192223.7206978388,192223.7206978388,192223.7206978388,548971.28572373,312316.1189,16,249922.732243,0.5899999705,5,0.07999997049999996,0.21999997019999995,0.21971982749999996,-0.5006304292473315,-0.6216958995570055,-0.08226194603529541,4,12050.89292077146,751.0,192223.7206978388,6691.236637043344,0.03363868020130005,187251.41759805504,0.9741327288758506,190531.31829788844,192223.7206978388,192223.7206978388,0.9911956630856672,1.0,76,76,76.0,4,27,0.0,0.6164964439819934,0.0032637634180066044,0.6199999944,2.0,0.0002397869999999358,0.6199999944,2.0,0.6199999659,2.0,0.00023975849999990917,0.6199999659,2.0,0.6049999893,5.0,-0.014760218100000055,0.6099999786,5.0,0.619999969,0.0,0.00023976159999994362,0.619999969,0.0,0.6499999613,0.0,0.0302397539,0.6499999613,0.0,-0.39976033860000004
0x94a39addec8bd24a2d03deeaa43bdee6a2b11eca403cd12495eb24132cc23173,2026-08-10|iga swiatek|national bank open diana shnaider,National Bank Open: Diana Shnaider vs Iga Swiatek,Tennis,match winner,1786358896,2026-08-10T10:48:16+00:00,1786409023,gammaClosedTime,1786403400.0,741.7333333333333,1,Diana Shnaider,Iga Swiatek,0,0.2988624473,1.0,49344.876695,49344.876695,49344.876695,226445.14762439998,-75507.8551,7,250035.801249,0.280000122,0,1.2199999999129574e-07,0.010000122,0.010000122,-0.7691269362876223,-0.5289688515090709,-0.5289688515090709,0,0.0,,49344.876695,92.16277500351872,0.0018642454319992103,44829.367095,0.9084908119659453,44829.367095,49344.876695,49344.876695,0.9084908119659453,1.0,79,79,76.0,2,9,0.0,0.29703136853519496,0.0018310787648050386,0.29000000000000004,0.0,-0.008862447299999965,0.29999994965,2.0,0.29500002194999997,2.0,-0.0038624253500000316,0.3,2.0,0.29999997,9.0,0.0011375227000000043,0.29999997,9.0,0.29000000309999996,2.0,-0.008862444200000041,0.299999925,5.0,0.30000000000000004,2.0,0.001137552700000044,,,
0xb2566cbeaa5af1086cf7849b8930404d77c123ac6745e566e268cc7a18b3347a,2026-08-10|astana lucio ratti|tai sach,Astana: Lucio Ratti vs Tai Sach,Tennis,match winner,1786359297,2026-08-10T10:54:57+00:00,1786365657,gammaClosedTime,1786358400.0,-14.95,0,Lucio Ratti,Lucio Ratti,1,0.6774603937,1.0,63907.542004691866,63907.542004691866,63907.542004691866,757648.0188050999,234613.8709,165,144546.627394,0.6699999911,4,0.015000010900000027,0.020000006799999914,-0.010000008899999968,0.7603747536393977,-0.12416450980911731,0.035549416016950025,3,2213.963859732317,659.0,63907.542004691866,5861.6,0.0840142193465102,63907.542004691866,1.0,63907.542004691866,63907.542004691866,63907.542004691866,1.0,1.0,0,0,0.0,1,1,0.0,0.6774603937,0.0,0.6799999999999999,0.0,0.0025396062999999414,0.69,1.0,0.6600000183500001,3.0,-0.01746037534999989,0.66,3.0,0.64,4.0,-0.03746039369999998,0.64,4.0,0.630000023,0.0,-0.047460370699999976,0.64,0.0,0.64,22.0,-0.03746039369999998,0.64,22.0,-0.03746023069999993
0xb9b85712d00829998098c457ebfe3e891b037fc5804c33a89b24631185f197f7,2026-08-11|elina svitolina|national bank open ekaterina alexandrova,National Bank Open: Ekaterina Alexandrova vs Elina Svitolina,Tennis,match winner,1786407697,2026-08-11T00:21:37+00:00,1786415850,gammaClosedTime,1786408200.0,8.383333333333333,1,Ekaterina Alexandrova,Elina Svitolina,0,0.3,1.0,35415.5593,35415.5593,35415.5593,46825.80759825,-46829.4623,15,31605.037962,0.2900000173,27,-0.009999959299999972,-0.009999907699999977,1.7300000043629638e-08,0.9682136700266174,0.9963827681104647,0.9323846816958086,2,35293.731,75.0,35415.5593,1295.3401378949334,0.035284892435999936,27000.0,0.7623767782766598,27000.0,27000.0,35415.5593,0.7623767782766598,0.7623767782766598,451,451,448.0,2,10,0.0,0.2975618070601568,0.002438192939843209,0.2999999928,0.0,-7.199999985108008e-09,0.2999999928,0.0,0.29000000000000004,3.0,-0.009999999999999953,0.2999999356,5.0,0.3099999836,50.0,0.009999983599999984,0.3099999836,50.0,0.30000000000000004,2.0,5.551115123125783e-17,0.30000000000000004,27.0,0.29000000000000004,11.0,-0.009999999999999953,,,-0.03999999999999998
0xe7ee3b4085b8dfba1fbe9cdd6bb28d1d2dad1eaafaeff28c6135309f853b8b50,2026-08-11|kansas city royals|los angeles dodgers,Kansas City Royals vs. Los Angeles Dodgers,MLB,match winner,1786415902,2026-08-11T02:38:22+00:00,1786424613,gammaClosedTime,1786414200.0,-28.366666666666667,0,Los Angeles Dodgers,Los Angeles Dodgers,1,0.62,1.0,50297.716,50297.716,50297.716,222044.90557108,99851.9652,16,94910.129031,0.6199999864,8,-1.3600000015046021e-08,0.020000042199999957,-0.03000001360000004,1.0,0.7633923976884196,0.8252420958505625,3,18600.0,366.0,50297.716,2.284209999999826,4.5411729432671236e-05,49712.716,0.9883692531883556,49712.716,49712.716,50297.716,0.9883692531883556,0.9883692531883556,847,847,0.0,2,1,0.0,0.6203329970474262,-0.00033299704742617564,0.6200001077,0.0,1.0770000002935376e-07,0.6299999824,2.0,0.6299999982,0.0,0.009999998199999971,0.6299999982,0.0,0.63,0.0,0.010000000000000009,0.63,0.0,0.6999999972,0.0,0.07999999719999995,0.6999999972,0.0,0.72,3.0,0.09999999999999998,0.72,3.0,-0.07999999999999996
0xf9a566d0366e09912a8a36acf39ed96550bb182d3c024e2837238000105eb38a,2026-08-12|elena rybakina|national bank open naomi osaka,National Bank Open: Naomi Osaka vs Elena Rybakina,Tennis,match winner,1786494774,2026-08-12T00:32:54+00:00,1786502652,gammaClosedTime,1786494900.0,2.1,1,Elena Rybakina,Elena Rybakina,1,0.3265116854,1.0,43936.42059867063,43936.42059867063,43936.42059867063,95944.38981436,192512.447,44,94308.136522,0.32,1,-0.020000000000000018,0.039999998100000045,0.0,-0.9733389395371511,-0.876131381705729,-0.5962609807721545,1,3545.8026243541094,203.0,43936.42059867063,19354.345596000174,0.30580046284271156,26910.06459885899,0.6124773987545358,43936.42059867063,43936.42059867063,43936.42059867063,1.0,1.0,9,8,9.0,2,20,0.0,0.3232312322916109,0.003280453108389092,0.3100000106,1.0,-0.016511674799999987,0.32,7.0,0.3200000435,4.0,-0.006511641899999976,0.33,6.0,0.32,0.0,-0.006511685399999967,0.32,0.0,0.2999999811,0.0,-0.026511704299999994,0.2999999811,0.0,0.14000000089999998,4.0,-0.1865116845,0.16,24.0,-0.2365116854
0x37fa573f44b8faa34723af9d754381577958f7d96c00a3f3f00bdf27b353d6c9,2026-08-12|kansas city royals|los angeles dodgers,Kansas City Royals vs. Los Angeles Dodgers,MLB,match winner,1786502769,2026-08-12T02:46:09+00:00,1786511910,gammaClosedTime,1786500600.0,-36.15,0,Los Angeles Dodgers,Los Angeles Dodgers,1,0.83,1.0,64863.7613,64863.7613,64863.7613,288740.23506432003,57194.5071,8039,94308.136522,0.8398636283,1,-0.00513637169999992,0.00986364400000006,0.019863626600000073,-0.8428467990182101,0.4631626376128972,0.4330076912514594,1,29916.3125,104.0,64863.7613,0.0,0.0,64863.7613,1.0,64863.7613,64863.7613,64863.7613,1.0,1.0,0,0,,1,0,0.0,0.83,0.0,0.829999982,0.0,-1.7999999935014444e-08,0.829999982,0.0,0.83,0.0,0.0,0.83,0.0,0.80999997735,0.0,-0.020000022650000004,0.80999997735,0.0,0.8,15.0,-0.029999999999999916,0.8,15.0,0.8199999914,7.0,-0.010000008599999943,0.8199999914,7.0,-0.10999999999999999
0x36145debe128892ac6b9fd149e566639ecc5eb7a22a3f6884caf02c5c709e798,2026-08-12|magic|themongolz,Counter-Strike: magic vs TheMongolz (BO1) - Esports World Cup Group D,Counter-Strike,single-game/map,1786536208,2026-08-12T12:03:28+00:00,1786545540,gammaClosedTime,1786536000.0,-3.466666666666667,0,magic,TheMongolz,0,0.7197602178,1.0,83232.58090188884,83232.58090188884,83232.58090188884,154567.63056954,-154586.3028,448,158529.778578,0.71,0,0.10077034045,0.1698461538,0.2699999898,-0.9480255755487972,-0.7869926465450002,-0.33066821368516847,8,5040.250481983704,457.0,83232.58090188884,69932.73206800116,0.4565833524053118,64778.419602,0.7782820008712472,65493.425102,71904.41170200995,83232.58090188884,0.7868724529784913,0.8638974176082312,397,397,390.0,7,43,0.0,0.660918247685459,0.058841970114540953,0.7082499851,0.0,-0.011510232699999956,0.7082499851,0.0,0.6855230490499999,2.0,-0.03423716875000005,0.7,2.0,0.6300000043,3.0,-0.08976021349999996,0.6499998984,5.0,0.6416502712000001,9.0,-0.07810994659999992,0.6499999837,11.0,0.5600000352000001,2.0,-0.1597601825999999,0.5740083883,12.0,-0.40976021779999994
0x8a6c2288c593fe01201db76111d4c4ab131efb8ccb40a368d63e1662bfd57beb,2026-08-12|k27|team falcons,Counter-Strike: Team Falcons vs K27 (BO1) - Esports World Cup Group B,Counter-Strike,single-game/map,1786539676,2026-08-12T13:01:16+00:00,1786551853,gammaClosedTime,1786542300.0,43.733333333333334,1,K27,Team Falcons,0,0.26,1.0,25233.404798941607,25233.404798941607,23648.321198941605,234549.77817025,-232850.3861,124,66452.958025,0.25,0,-0.020000001799999945,0.04000000000000001,0.040000028699999995,-0.7541658776807191,0.3196373946114278,0.5561985584798479,0,0.0,,25233.404798941607,119.42583200000001,0.00471055219586597,10910.094000000001,0.4323670977789575,10910.094000000001,25233.404798941607,25233.404798941607,0.4323670977789575,1.0,109,109,19.0,4,10,1585.0836000000002,0.239354340796693,0.02064565920330702,0.25,0.0,-0.010000000000000009,0.2599999839,0.0,0.255,2.0,-0.0050000000000000044,0.26,2.0,0.25,6.0,-0.010000000000000009,0.26,8.0,0.25,0.0,-0.010000000000000009,0.25,0.0,0.2599999986,3.0,-1.400000004814217e-09,0.2599999986,3.0,-7.280000002829468e-08
0x5268a07f58df791c6d71c9d1d50c1abbf7b9ead3c67f4bfec0519d7b33a4d9a6,2026-08-12|betboom team|faze,Counter-Strike: BetBoom Team vs FaZe (BO1) - Esports World Cup Group B,Counter-Strike,single-game/map,1786540858,2026-08-12T13:20:58+00:00,1786557690,gammaClosedTime,1786547400.0,109.03333333333333,1,BetBoom Team,FaZe,0,0.48,1.0,40478.6496,40478.6496,40478.6496,251641.984449,-204725.6231,46,63292.713126,0.47,123,0.0,-1.400000004814217e-09,-3.500000000933312e-08,,-1.0,-0.9434222885967128,0,0.0,,40478.6496,0.0,0.0,40478.6496,1.0,40478.6496,40478.6496,40478.6496,1.0,1.0,0,0,,1,0,0.0,0.4799999999999999,5.551115123125783e-17,0.4849999922,15.0,0.004999992200000025,0.4899999844,15.0,0.4849999922,0.0,0.004999992200000025,0.4899999844,0.0,0.48,20.0,0.0,0.49,23.0,0.4899999559,5.0,0.009999955900000024,0.4899999559,5.0,0.5,6.0,0.020000000000000018,0.5,6.0,2.1000000072213254e-08
0x41904c1ddf43fd90b92e247e6b150a796eb23389eace700980c77e280960be1e,2026-08-12|b8|parivision,Counter-Strike: PARIVISION vs B8 (BO1) - Esports World Cup Group C,Counter-Strike,single-game/map,1786545156,2026-08-12T14:32:36+00:00,1786556353,gammaClosedTime,1786545900.0,12.4,1,PARIVISION,B8,0,0.5775157552,1.0,61624.45970110427,61624.45970110427,61624.45970110427,487980.79677200003,-487985.5653,59,249947.999957,0.5600000153,7,1.5299999933660047e-08,-0.009999984700000075,-0.009999953100000014,0.4698857815444275,-0.5862823520170264,-0.24752944970340973,1,1099.231938132576,639.0,61624.45970110427,73.38380899426666,0.0011894063847183798,61624.45970110427,1.0,61624.45970110427,61624.45970110427,61624.45970110427,1.0,1.0,0,0,0.0,1,1,0.0,0.5775157552,0.0,0.590000039,0.0,0.012484283799999996,0.6,16.0,0.6,1.0,0.022484244799999997,0.6,1.0,0.5900000128,9.0,0.012484257600000048,0.5899999407,12.0,0.6100000017,0.0,0.032484246500000036,0.6199999997,1.0,0.6,15.0,0.022484244799999997,0.6,15.0,0.062484324000000036
0x0ac031b4eb98e3adc6d0a1f9bc7acf62762a01dc5f0805537dfb84afe6a052ce,2026-08-12|astralis|mibr,Counter-Strike: MIBR vs Astralis (BO1) - Esports World Cup Group B,Counter-Strike,single-game/map,1786550704,2026-08-12T16:05:04+00:00,1786561875,gammaClosedTime,1786551900.0,19.933333333333334,1,Astralis,Astralis,1,0.5494639791,1.0,232233.80797930632,232233.80797930632,232233.80797930632,433007.34614318,325961.3047,13,249888.168703,0.535,2,-0.0049999871999999446,-0.004999999899999996,0.004999989400000016,0.9774423610727222,0.38539681715072616,0.7811079782170463,4,15562.232010538286,363.0,232233.80797930632,0.0,0.0,232233.80797930632,1.0,232233.80797930632,232233.80797930632,232233.80797930632,1.0,1.0,0,0,,1,0,0.0,0.5494639791,0.0,0.55,2.0,0.0005360209000000449,0.5599999852499999,11.0,0.550000021,0.0,0.0005360419000000061,0.56,5.0,0.559999994,0.0,0.010536014900000001,0.559999994,0.0,0.5599999999,0.0,0.010536020800000045,0.5599999999,0.0,0.5600000842999999,0.0,0.010536105199999923,0.5699999555,20.0,0.010536020900000054
0x3dd97c070ee813453634f553b89912075ee9e76cc1ceaa403e86dfc8d332cfb3,2026-08-12|100 thieves|vitality,Counter-Strike: Vitality vs 100 Thieves (BO1) - Esports World Cup Group C,Counter-Strike,single-game/map,1786550952,2026-08-12T16:09:12+00:00,1786568638,gammaClosedTime,1786558800.0,130.8,1,100 Thieves,Vitality,0,0.26,1.0,45857.933300507684,45857.933300507684,45857.933300507684,769935.2698360801,-770062.0081,24,128708.526412,0.25,14,0.0,0.020000000000000018,0.010000000000000009,-0.9778858935080137,-0.657857741634089,-0.47923182416649723,0,0.0,,45857.933300507684,596.756666,0.012845993944427184,21972.925,0.4791520990710835,21972.925,45857.933300507684,45857.933300507684,0.4791520990710835,1.0,74,74,74.0,2,12,0.0,0.25341263620373017,0.006587363796269841,0.27,7.0,0.010000000000000009,0.27,7.0,0.26,7.0,0.0,0.2599999064,28.0,0.2599999646,0.0,-3.539999998691812e-08,0.2599999646,0.0,0.2699999746,6.0,0.009999974600000017,0.2699999746,6.0,0.25,0.0,-0.010000000000000009,0.26,4.0,-5.1000000333978335e-09
0x01045c82b90d77c851604beabfdd3e977d24fec6ec70cb4388fb2a27c5e765c8,2026-08-12|3dmax|natus vincere,Counter-Strike: Natus Vincere vs 3DMAX (BO1) - Esports World Cup Group D,Counter-Strike,single-game/map,1786554832,2026-08-12T17:13:52+00:00,1786563553,gammaClosedTime,1786552800.0,-33.86666666666667,0,3DMAX,Natus Vincere,0,0.1991836935,1.0,114220.23471775636,114220.23471775636,114220.23471775636,184486.16088,-184504.463,3904,128708.526412,0.16,0,0.08,0.0900000053,-0.03,0.30170496211663944,0.37133549083087297,0.10326452244206161,0,0.0,,114220.23471775636,384.81800000000004,0.0033577751667521216,108672.31861826622,0.951427904931212,113820.22191775637,114220.23471775636,114220.23471775636,0.9964978814744301,1.0,72,72,72.0,4,17,0.0,0.19301118238751463,0.006172511112485374,0.16000000000000003,0.0,-0.03918369349999998,0.173780484,2.0,0.175,2.0,-0.02418369350000002,0.21,6.0,0.15000000000000002,2.0,-0.049183693499999986,0.1836379069,3.0,0.1453704951,0.0,-0.05381319840000001,0.13,3.0,0.050000000000000044,5.0,-0.14918369349999996,0.06000000000000005,6.0,-0.0691836935
0xdabf47b9d693ffd91e9fd053638fe5bd56c0896dd66f43cad66d947f71af08f7,2026-08-12|boston red sox|toronto blue jays,Boston Red Sox vs. Toronto Blue Jays,MLB,match winner,1786579915,2026-08-13T00:11:55+00:00,1786586785,gammaClosedTime,1786576020.0,-64.91666666666667,0,Boston Red Sox,Toronto Blue Jays,0,0.5473178175,1.0,97141.81699618587,97141.81699618587,97141.81699618587,346618.6684455,-346677.3968,379,63226.971255,0.5800000000000001,0,0.040000000000000036,0.21000000000000008,0.1700000000000001,-0.9996388347252249,-0.858290992644187,-0.6595114765242149,1,6896.2045005,664.0,97141.81699618587,232457.26094959516,0.7052727889846655,97112.81699618587,0.9997014673917296,97141.81699618587,97141.81699618587,97141.81699618587,1.0,1.0,1,0,1.0,2,24,0.0,0.5473270245759316,-9.207075931660924e-06,0.53,0.0,-0.017317817499999943,0.5399999856,2.0,0.520142589,2.0,-0.02717522849999998,0.5299999337,5.0,0.5299998881,2.0,-0.017317929399999987,0.5299998881,2.0,0.53,3.0,-0.017317817499999943,0.53,3.0,0.5100000186,32.0,-0.03731779889999998,0.51,33.0,0.012682182800000108
0x54481855fff078ca7e1b9ef92c1d86cc9a133680169f3ee4dc2327121ca9046c,2026-08-13|boomboys|og,Dota 2: BoomBoys vs OG (BO3) - The International Group Stage,Dota 2,series winner,1786587063,2026-08-13T02:11:03+00:00,1786608255,gammaClosedTime,1786586400.0,-11.05,0,OG,BoomBoys,0,0.2899999994,1.0,25005.440197000346,25005.440197000346,25005.440197000346,252887.90616238,-193211.1147,404,84.294142,0.29,2,-5.551115123125783e-17,-0.010000000000000064,0.06,-0.9974070364287312,-0.9990443685060284,-0.8498098501634731,0,0.0,,25005.440197000346,226482.92870900288,0.9005701921493379,223.38999900781377,0.008933655926385637,223.38999900781377,9310.754599007812,23748.680197000347,0.008933655926385637,0.37234915784944794,2000,2000,456.0,8,71,0.0,0.2872097827924499,0.002790216607550078,0.29,1.0,5.999999941330714e-10,0.29,1.0,0.28,6.0,-0.00999999939999996,0.29,13.0,0.28,3.0,-0.00999999939999996,0.289999991,51.0,0.2800000144,49.0,-0.009999984999999989,,,0.28,7.0,-0.00999999939999996,,,-0.00999999939999996
0x8ed08a43d2f45900b4a767a1a6ffb210897c76b3db2dc962283c1994ca7c0b1b,2026-08-13|lgd gaming|team falcons,Dota 2: Team Falcons vs LGD Gaming (BO3) - The International Group Stage,Dota 2,series winner,1786588740,2026-08-13T02:39:00+00:00,1786610562,gammaClosedTime,1786590300.0,26.0,1,LGD Gaming,Team Falcons,0,0.22,1.0,33102.702900000004,33102.702900000004,33102.702900000004,130928.67073035,-130959.8801,2081,84.294142,0.21999999999999997,17,0.020000000000000018,0.030000000000000027,0.030000027399999962,-0.28510100668507043,-0.6256092577609854,-0.35679217202316077,0,0.0,,33102.702900000004,726.1850000000001,0.021466416577058094,13858.391800000001,0.4186483454799698,32219.050900000002,33102.702900000004,33102.702900000004,0.973305744770467,1.0,128,128,128.0,3,7,0.0,0.21378283542791116,0.006217164572088846,0.21999999999999997,21.0,-2.7755575615628914e-17,0.229999916,27.0,0.21999999999999997,6.0,-2.7755575615628914e-17,0.229999916,12.0,0.1900000021,12.0,-0.02999999789999999,,,0.2099999952,39.0,-0.01000000479999999,0.2099999952,39.0,0.2199999727,24.0,-2.7300000010610503e-08,0.2199999727,24.0,-0.015000005750000017
0x56270a01cc2b77707caafe33e13370fef8510d588f932546f93aeddd42b5a044,2026-08-13|team liquid|vici gaming,Dota 2: Team Liquid vs Vici Gaming - Game 1 Winner,Dota 2,single-game/map,1786602252,2026-08-13T06:24:12+00:00,1786612482,gammaClosedTime,1786600800.0,-24.2,0,Vici Gaming,Team Liquid,0,0.3827239234,1.0,28015.047399027455,28015.047399027455,28015.047399027455,344246.88592857,-344285.1659,54,65301.199332,0.3793064947,2,0.049306494700000036,0.07930649469999995,0.07930649464999995,-0.8203292891800833,-0.9440016507796813,-0.8477976167662834,3,1767.781041708099,426.0,28015.047399027455,83983.76327259035,0.7498629920172278,8181.726599354308,0.29204757296389,8455.656599340708,28015.047399027455,28015.047399027455,0.30182553250415867,1.0,149,149,147.0,5,102,0.0,0.34282913651169344,0.039894786888306555,0.4,0.0,0.017276076600000023,0.4099999976,3.0,0.4,1.0,0.017276076600000023,0.4430059492,6.0,0.41000000000000003,0.0,0.027276076600000032,0.40999999,16.0,0.42,28.0,0.037276076599999985,0.42,28.0,0.31999999999999995,0.0,-0.06272392340000005,0.31999999999999995,0.0,-0.20272385070000004
0xa76c27f6f1529868acb88204c0f94b5126ac3987c125a8abda028fa0663aeb1f,2026-08-13|team spirit|xtreme gaming,Dota 2: Team Spirit vs Xtreme Gaming (BO3) - The International Group Stage,Dota 2,series winner,1786604802,2026-08-13T07:06:42+00:00,1786621695,gammaClosedTime,1786605600.0,13.3,1,Xtreme Gaming,Team Spirit,0,0.38,1.0,51289.672199385735,51289.672199385735,51289.672199385735,287292.85691475996,-215799.7453,2604,65301.199332,0.37,16,0.0,0.019999989200000012,0.039999983900000036,-1.0,-0.9968192548608077,-0.9363406013779635,0,0.0,,51289.672199385735,74654.00612034301,0.592757072973695,45234.687,0.8819453324667913,45234.687,51289.672199385735,51289.672199385735,0.8819453324667913,1.0,287,287,285.0,2,31,0.0,0.3785158673580541,0.0014841326419459122,0.37000000089999996,6.0,-0.009999999100000045,0.38,40.0,0.3700000189,0.0,-0.0099999811,0.38,25.0,0.3700000189,0.0,-0.0099999811,,,0.37,21.0,-0.010000000000000009,,,0.38,4.0,0.0,,,-0.020000000000000018
0xc9e8111cecbda922f2fd3e33a5b00e643b2cebeec0d83f2ff96086574ae4c674,2026-08-15|lgd gaming|xtreme gaming,Dota 2: LGD Gaming vs Xtreme Gaming - Game 2 Winner,Dota 2,single-game/map,1786764457,2026-08-15T03:27:37+00:00,1786776252,gammaClosedTime,1786759200.0,-87.61666666666666,0,LGD Gaming,LGD Gaming,1,0.4799984217,1.0,38458.136998550974,38458.136998550974,38458.136998550974,81394.63718491001,79702.0738,2515,49525.89789,0.475,48,-0.004999988000000011,0.015000004199999972,0.0050000000000000044,-0.9768917203954621,0.10543899218125417,-0.3049340315507667,1,1459.3808005577266,76.0,38458.136998550974,1911.274596002252,0.047344623577821175,30412.618399180312,0.790798015003332,30412.618399180312,38458.136998550974,38458.136998550974,0.790798015003332,1.0,261,261,154.0,2,11,0.0,0.4777364406656507,0.002261981034349325,0.4699999641,3.0,-0.00999845760000001,0.4699999641,3.0,0.4600000324,3.0,-0.01999838930000003,0.4699999995,20.0,0.4699999493,0.0,-0.009998472400000014,0.4699999493,0.0,0.47,5.0,-0.009998421700000037,0.47,5.0,0.479999992,0.0,1.5702999999755995e-06,0.479999992,0.0,-0.02999842150000004
0xb2bdda2d35670342ce918bb65c4de65c40daab7d73afc76c28dbe035ea89f432,2026-08-15|team spirit|team vision,Dota 2: TEAM VISION vs Team Spirit (BO3) - The International Group Stage,Dota 2,series winner,1786764777,2026-08-15T03:32:57+00:00,1786791058,gammaClosedTime,1786775400.0,177.05,1,Team Spirit,TEAM VISION,0,0.3999382575,1.0,33380.818,33380.818,33380.818,120404.35165649,-103024.7312,2835,49525.89789,0.39,107,0.0,0.010000016700000003,0.019999898600000066,,1.0,0.9900519879144603,0,0.0,,33380.818,0.0,0.0,31995.0606,0.9584864157612915,31995.0606,33380.818,33380.818,0.9584864157612915,1.0,276,276,,2,0,0.0,0.3990690132178508,0.0008692442821491841,0.39,7.0,-0.009938257499999992,0.4,13.0,0.39,1.0,-0.009938257499999992,,,0.3900000252,9.0,-0.009938232300000016,0.4,31.0,0.3900000049,37.0,-0.00993825260000003,0.4,46.0,0.4,13.0,6.174250000001713e-05,0.4,13.0,-0.009938257499999992
0xbb1682e49e0aba1d452eb672fcc6a4c3dea2ddd01edff310cfa569e46c8602a6,2026-08-20|team liquid|team yandex,Dota 2: Team Liquid vs Team Yandex (BO3) - The International Playoffs,Dota 2,series winner,1787222370,2026-08-20T10:39:30+00:00,1787237653,gammaClosedTime,1787221800.0,-9.5,0,Team Yandex,Team Yandex,1,0.49,1.0,31024.221499990486,31024.221499990486,31024.221499990486,31867.61067814,9549.3435,215,192054.690667,0.49,2,0.014215810499999981,0.06000000150000001,0.05000003759999999,0.4287967461601441,0.5699563973507205,-0.032301558406467465,1,3864.3213,239.0,31024.221499990486,30.467150999999998,0.0009810805492982539,30916.1874,0.9965177498494033,30916.1874,31024.221499990486,31024.221499990486,0.9965177498494033,1.0,81,81,72.0,2,2,0.0,0.48984996715026297,0.00015003284973702513,0.49,9.0,0.0,0.5,10.0,0.49,7.0,0.0,0.5,10.0,0.48,30.0,-0.010000000000000009,0.48,30.0,0.4899999804,0.0,-1.9600000011887886e-08,0.4899999804,0.0,0.4500000044,1.0,-0.039999995600000005,0.4599999992,3.0,-0.010000000000000009
0x25467665de6b5162d0ebb093914a9485ab3e43247398c3f948b79e2ee42f077d,2026-08-20|team liquid|team yandex,Dota 2: Team Liquid vs Team Yandex - Game 1 Winner,Dota 2,single-game/map,1787222400,2026-08-20T10:40:00+00:00,1787233272,gammaClosedTime,1787221800.0,-10.0,0,Team Yandex,Team Yandex,1,0.5473097975,1.0,126562.1116,126562.1116,126562.1116,167088.6449089,133385.1657,245,192054.690667,0.5299999899,4,-0.010000007500000074,0.050000009099999965,0.07000001209999995,-0.45330181602289926,0.17229495352328714,0.04031410597868805,4,4539.606384383999,189.0,126562.1116,4976.019916999788,0.0378294860935948,109461.9595,0.8648872724718351,109461.9595,126562.1116,126562.1116,0.8648872724718351,1.0,201,201,198.0,3,6,0.0,0.5446972528409667,0.002612544659033267,0.5400000002,4.0,-0.0073097972999999206,0.5499999912,6.0,0.54,1.0,-0.007309797499999937,0.55,24.0,0.54,3.0,-0.007309797499999937,0.55,9.0,0.52499993905,6.0,-0.022309858449999997,0.5299998781,6.0,0.48499999755,0.0,-0.06230979994999997,0.4899999951,0.0,-0.007309797499999937
0xf554e62dcd6e27af21057566bf371a9c29c6196a90e5548cf6c53f025f620631,2026-08-20|team liquid|team yandex,Dota 2: Team Liquid vs Team Yandex - Game 2 Winner,Dota 2,single-game/map,1787227446,2026-08-20T12:04:06+00:00,1787237653,gammaClosedTime,1787221800.0,-94.1,0,Team Yandex,Team Yandex,1,0.47,1.0,35385.55339971551,35385.55339971551,35385.55339971551,296277.45105959004,317361.4955,5291,192054.690667,0.460000015,16,0.020000014999999982,0.02999997514999997,0.005734395999999975,0.4266914971235935,0.38587058018471687,-0.47769570732943717,1,1194.2464999999997,48.0,35385.55339971551,138.41093299999997,0.0038962693381755127,25509.9268,0.7209136031261022,35385.55339971551,35385.55339971551,35385.55339971551,1.0,1.0,21,21,21.0,2,6,0.0,0.46683890555879226,0.0031610944412077124,0.4600000097,0.0,-0.009999990299999983,0.47,12.0,0.4600000571,0.0,-0.009999942899999947,0.47,0.0,0.4608013,1.0,-0.009198699999999949,0.4608013,1.0,0.4599999993,6.0,-0.010000000699999956,0.4599999993,6.0,0.49,0.0,0.020000000000000018,0.5,6.0,-0.04999999764999996
0x46fc250b2bf421953bddf6641ecb6c829461c72fef1b2de6718c7c5ba19fd29d,2026-08-20|nigma galaxy|team falcons,Dota 2: Nigma Galaxy vs Team Falcons (BO3) - The International Playoffs,Dota 2,series winner,1787230662,2026-08-20T12:57:42+00:00,1787253657,gammaClosedTime,1787232300.0,27.3,1,Nigma Galaxy,Nigma Galaxy,1,0.3499329998,1.0,129537.40351805445,129537.40351805445,129537.40351805445,659146.5910141199,1096482.2833,8507,192054.690667,0.32999999999999996,14,-0.009999985700000047,-0.00904972209999999,-0.01999994750000006,-0.029141851290291676,-0.33469541780043266,-0.6387584867582264,0,0.0,,129537.40351805445,8750.0,0.06327402046316982,129537.40351805445,1.0,129537.40351805445,129537.40351805445,129537.40351805445,1.0,1.0,0,0,0.0,1,1,0.0,0.3499329998,0.0,0.35,4.0,6.700020000000029e-05,0.36,18.0,0.36,3.0,0.01006700020000001,0.36,3.0,0.3500001653,7.0,6.716550000002153e-05,0.3599999376,10.0,0.35,0.0,6.700020000000029e-05,0.3599999958,7.0,0.36,4.0,0.01006700020000001,0.36,4.0,0.01006700020000001
0xa6ef696ebfa8e63a4931093b899cf1726948b7a6034e14949fef3d0f98d4359c,2026-08-20|furia|g2,Counter-Strike: G2 vs FURIA (BO3) - Esports World Cup Playoffs,Counter-Strike,series winner,1787246760,2026-08-20T17:26:00+00:00,1787259135,gammaClosedTime,1787242800.0,-66.0,0,FURIA,FURIA,1,0.778661766,1.0,27675.732899424405,27675.732899424405,27675.732899424405,1455599.56940352,555966.581,24605,192054.690667,0.7599999827,13,0.02999998270000004,0.00999998270000002,-0.05000002029999995,1.0,-0.7086764831770249,-0.6491696215429282,2,1354.551260647321,183.0,27675.732899424405,4.68,0.00016907262247151366,25659.575999557383,0.9271507313936769,27675.732899424405,27675.732899424405,27675.732899424405,1.0,1.0,44,44,0.0,2,1,0.0,0.7758182359811018,0.002843530018898255,0.7800000149999999,0.0,0.0013382489999999025,0.7699999969,9.0,0.78,3.0,0.0013382339999999937,0.79,24.0,0.78,0.0,0.0013382339999999937,0.7844166276,4.0,0.75,6.0,-0.028661766000000033,0.76,18.0,0.8,7.0,0.02133823400000001,0.8099999741,30.0,-0.1486617843
0xbee7d58b8a5ca59c228423923d1025e808e1d91d1c1d126cc1c575234cd517aa,2026-08-21|boomboys|iron wing,Dota 2: Iron Wing vs BoomBoys (BO3) - The International Playoffs,Dota 2,series winner,1787254630,2026-08-20T19:37:10+00:00,1787291862,gammaClosedTime,1787278500.0,397.8333333333333,1,BoomBoys,BoomBoys,1,0.55,1.0,30457.938500000004,30457.938500000004,30457.938500000004,2022564.83527638,1316320.8021,32475,192054.690667,0.54,9,-0.009999980699999966,-1.1899999985409693e-08,-5.7499999983612327e-08,-1.0,0.6426250661277643,-0.026764877196727006,0,0.0,,30457.938500000004,0.0,0.0,30457.938500000004,1.0,30457.938500000004,30457.938500000004,30457.938500000004,1.0,1.0,0,0,,1,0,0.0,0.55,0.0,0.5599999989,48.0,0.009999998899999918,0.5599999989,48.0,0.5599999989,33.0,0.009999998899999918,0.5599999989,33.0,0.5599999989,3.0,0.009999998899999918,0.5599999989,3.0,0.57,5.0,0.019999999999999907,0.57,5.0,0.5700000004,8.0,0.02000000039999994,0.5799999781,42.0,0.030000000000000027
0x9b43e1b923451435407af0b9455891ca655548ce9e3e8810e98c082c4ce78793,2026-08-20|cincinnati open tommy paul|flavio cobolli,Cincinnati Open: Tommy Paul vs Flavio Cobolli,Tennis,match winner,1787260797,2026-08-20T21:19:57+00:00,1787264098,gammaClosedTime,1787255100.0,-94.95,0,Flavio Cobolli,Flavio Cobolli,1,0.487129814,1.0,59141.13929762424,59141.13929762424,59141.13929762424,789635.6617549399,826416.9103,38642,192054.690667,0.47,11,0.04999999999999993,0.05999999999999994,0.07999999999999996,-0.1414877541093276,0.669413660138036,0.3237378638559537,4,9742.59628,261.0,59141.13929762424,1.0568619999999112,1.7869847057208536e-05,59118.63929762424,0.9996195541670787,59141.13929762424,59141.13929762424,59141.13929762424,1.0,1.0,36,36,0.0,2,1,0.0,0.487114523060518,1.5290939481993338e-05,0.49,0.0,0.002870185999999997,0.5,10.0,0.49,0.0,0.002870185999999997,0.46,9.0,0.43500000169999997,3.0,-0.05212981230000002,0.43999999999999995,3.0,0.45999999999999996,0.0,-0.02712981400000003,0.44999999775,13.0,0.6299999969,1.0,0.14287018289999998,0.6299999969,1.0,0.04287018600000003
0x3bae865f39fd0cc48f2fe2e751567bff85a09a195ff6661a92b376daee3d9351,2026-08-20|cincinnati open iga swiatek|elena rybakina,Cincinnati Open: Iga Swiatek vs Elena Rybakina,Tennis,match winner,1787267953,2026-08-20T23:19:13+00:00,1787275977,gammaClosedTime,1787267100.0,-14.216666666666667,0,Iga Swiatek,Iga Swiatek,1,0.7723309474,1.0,88799.38470346377,88799.38470346377,88799.38470346377,1616271.5025336,510782.2548,45798,192054.690667,0.7600000741999999,0,0.07000006679999993,0.15000007419999994,0.18000007419999986,-0.3090836647613586,-0.9366032691510067,-0.9006573826170429,4,3873.826672731024,270.0,88799.38470346377,414598.16219098086,0.8235998859126666,71081.66410338637,0.800474736854947,75048.27730346376,88799.38470346377,88799.38470346377,0.8451441139381721,1.0,135,135,132.0,4,360,0.0,0.7540375654562109,0.018293381943789044,0.76,0.0,-0.012330947399999959,0.77,12.0,0.7700000191,0.0,-0.0023309282999999237,0.78,11.0,0.78,0.0,0.007669052600000059,0.81,11.0,0.8,0.0,0.027669052600000077,0.809999998,14.0,0.8100000046,0.0,0.03766905720000002,0.8199999654,6.0,0.007669126699999973
0x8395da44ae21a5692d1e0925c2a70d999a374452bab1ba54ff5c5fc3c5123d5d,2026-08-20|baltimore orioles|new york yankees,New York Yankees vs. Baltimore Orioles,MLB,match winner,1787271105,2026-08-21T00:11:45+00:00,1787277583,gammaClosedTime,1787265300.0,-96.75,0,New York Yankees,New York Yankees,1,0.8844734086,1.0,30956.569301,30956.569301,30956.569301,441554.76511974004,51982.1174,48950,192054.690667,0.87,2,0.020000000000000018,0.020000000000000018,0.05000000979999997,0.9950289220740332,0.9206690552834487,0.8727961899885474,1,24578.09202280616,17.0,30956.569301,0.0,0.0,30956.569301,1.0,30956.569301,30956.569301,30956.569301,1.0,1.0,0,0,,1,0,0.0,0.8844734086,0.0,0.88,15.0,-0.004473408600000006,0.88,15.0,0.88,0.0,-0.004473408600000006,0.88,0.0,0.87999999755,0.0,-0.004473411049999987,0.87999999755,0.0,0.8700000211,4.0,-0.014473387500000046,0.9,43.0,0.88,4.0,-0.004473408600000006,,,-0.09447338510000003
0xc2c6815711d9c3e04754da74166a1d4869b5f78fc660f3275041bb082f3efbae,2026-08-21|team falcons|team liquid,Dota 2: Team Liquid vs Team Falcons (BO3) - The International Playoffs,Dota 2,series winner,1787291479,2026-08-21T05:51:19+00:00,1787306845,gammaClosedTime,1787292600.0,18.683333333333334,1,Team Liquid,Team Liquid,1,0.53,1.0,26279.8486,26279.8486,26279.8486,376135.7589738,279096.6649,20130,159837.106488,0.5200000005000001,20,-3.6399999903125035e-08,-4.269999998030016e-08,5.000000413701855e-10,-1.0,-0.836296917187852,-0.6301713873276243,0,0.0,,26279.8486,1.1276589999998077,4.290780482759415e-05,26279.8486,1.0,26279.8486,26279.8486,26279.8486,1.0,1.0,0,0,0.0,1,1,0.0,0.53,0.0,0.5300000025,0.0,2.4999999848063226e-09,0.539999784,2.0,0.53,0.0,0.0,0.5399999881,6.0,0.5399999932,5.0,0.009999993200000001,0.5399999932,5.0,0.5300000136,9.0,1.3600000015046021e-08,0.54,14.0,0.5399999881,26.0,0.009999988100000023,0.5399999881,26.0,0.009999990299999983
0x24b29f470d936697df0e599b794761fbe5c6b2ad9b2cce40f7d50a1e6dd5617d,2026-08-21|team spirit|team vision,Dota 2: Team Spirit vs TEAM VISION (BO3) - The International Playoffs,Dota 2,series winner,1787292729,2026-08-21T06:12:09+00:00,1787320839,gammaClosedTime,1787307600.0,247.85,1,Team Spirit,TEAM VISION,0,0.3551455649,1.0,58281.332601141476,58281.332601141476,58281.332601141476,638550.6879699,-546726.2084,21380,159837.106488,0.3400000046,41,-0.009999995399999961,-0.00999998489999998,-0.019999916199999968,-1.0,0.32436999423954793,-0.03535614798367392,1,3551.455649,873.0,58281.332601141476,3644.118367939022,0.058846860392805816,33604.85000114147,0.5765971452835877,33604.85000114147,33604.85000114147,47686.72410114147,0.5765971452835877,0.5765971452835877,920,920,863.0,4,40,0.0,0.35646866411249056,-0.001323099212490575,0.36,3.0,0.0048544350999999986,0.3699999759,7.0,0.36,4.0,0.0048544350999999986,0.3699999771,48.0,0.36,7.0,0.0048544350999999986,0.3699999771,18.0,0.369999986,12.0,0.014854421100000015,0.369999986,12.0,0.3700000189,22.0,0.014854454000000017,0.37999993235,30.0,0.014854435100000007
0x111c5a46eac20f1317cceb8fe958b6e19f50c1a643f179a6cc067f3806c29a7f,2026-08-21|team falcons|team liquid,Dota 2: Team Liquid vs Team Falcons - Game 1 Winner,Dota 2,single-game/map,1787293962,2026-08-21T06:32:42+00:00,1787298379,gammaClosedTime,1787292600.0,-22.7,0,Team Liquid,Team Falcons,0,0.5376389018,1.0,135180.0096120618,135180.0096120618,135180.0096120618,563514.3907111501,-563572.1976,22613,159837.106488,0.53,1,0.03999991430000005,0.030000000000000027,0.020000000000000018,0.05011870412517464,0.16726548248045733,0.18978539113488763,14,27445.777759095694,153.0,135180.0096120618,24763.917518981074,0.154828745068213,134564.9848120618,0.9954503272949529,135180.0096120618,135180.0096120618,135180.0096120618,1.0,1.0,30,30,29.0,2,57,0.0,0.5375559411740217,8.29606259782345e-05,0.5300000083,0.0,-0.00763889349999991,0.53,0.0,0.54,0.0,0.002361098200000078,0.54,0.0,0.53,0.0,-0.007638901799999931,0.53,0.0,0.52,0.0,-0.01763890179999994,0.5399999741,3.0,0.46000000165,0.0,-0.07763890014999997,0.4899999814,1.0,-0.28034160449999995
0x8881d0df21cddb51a493cb7732a756c8a9ac395e503c890ff6032d1e65da1960,2026-08-21|team falcons|team liquid,Dota 2: Team Liquid vs Team Falcons - Game 2 Winner,Dota 2,single-game/map,1787299908,2026-08-21T08:11:48+00:00,1787302348,gammaClosedTime,1787292600.0,-121.8,0,Team Liquid,Team Liquid,1,0.66,1.0,28565.141000000003,28565.141000000003,28565.141000000003,91415.69909048,52945.5994,3825,70535.296385,0.65000000525,1,-0.0005273562499999995,0.029999964250000066,0.10000000524999997,-0.9376387768071517,-0.25835259577584396,-0.27729266188006707,30,79361.0862,582.0,28565.141000000003,23179.557894850823,0.447960049819856,10257.251400000001,0.35908282056090673,19441.663,28565.141000000003,28565.141000000003,0.6806079829957778,1.0,66,66,53.0,4,61,0.0,0.6595569480108217,0.00044305198917837796,0.5900000000000001,3.0,-0.06999999999999995,0.6,4.0,0.6099999862,1.0,-0.050000013800000076,0.6099999862,1.0,0.5472156879500001,0.0,-0.11278431204999995,0.5549999888,0.0,0.6404019038,0.0,-0.01959809620000008,0.6543723964,4.0,0.6099999985,7.0,-0.05000000150000006,0.6099999985,7.0,0.039999999999999925
0x6fcd2cd82f1b7b2773c93335bd95e5472a7c8341d5aa7bf4c4dba60ef8a58c6e,2026-08-21|team spirit|team vision,Dota 2: Team Spirit vs TEAM VISION - Game 1 Winner,Dota 2,single-game/map,1787308566,2026-08-21T10:36:06+00:00,1787312173,gammaClosedTime,1787307600.0,-16.1,0,Team Spirit,TEAM VISION,0,0.4895138979,1.0,489513.8979,489513.8979,489513.8979,651040.0,-651155.7,12483,70535.296385,0.4599999908,1,0.009999990800000025,0.06999999079999997,0.07999998819999998,-0.22076764957835357,0.24444403769592482,0.14156581182428907,12,5744.758880751156,275.0,489513.8979,0.0,0.0,489513.8979,1.0,489513.8979,489513.8979,489513.8979,1.0,1.0,0,0,,1,0,0.0,0.4895138979,0.0,0.4500000029,1.0,-0.03951389500000002,0.4599999264,4.0,0.45999999895,1.0,-0.029513898950000006,0.45999999895,1.0,0.4500000786,0.0,-0.039513819299999975,0.4599999992,6.0,0.4649999896,0.0,-0.024513908299999998,0.4699999792,0.0,0.35,0.0,-0.13951389790000002,0.36,4.0,-0.19951389090000005
0xedeb21da344a601fc9c5fefa93657ef5ffcb97eed90c290254fd9574bd0b0a39,2026-08-21|nigma galaxy|team yandex,Dota 2: Team Yandex vs Nigma Galaxy (BO3) - The International Playoffs,Dota 2,series winner,1787320363,2026-08-21T13:52:43+00:00,1787339008,gammaClosedTime,1787322000.0,27.283333333333335,1,Nigma Galaxy,Team Yandex,0,0.35,1.0,55546.337,55546.337,55546.337,996846.8995089099,-997063.8589,243,180294.789502,0.3499999615,3,1.3999999992631018e-08,-0.00999994249999997,-4.249999996375209e-08,0.8109998129879031,-0.7807016683504852,-0.4836395813271723,1,1750.0,376.0,55546.337,0.0,0.0,55546.337,1.0,55546.337,55546.337,55546.337,1.0,1.0,0,0,,1,0,0.0,0.35,0.0,0.3599999844,0.0,0.009999984399999995,0.3599999844,0.0,0.35,0.0,0.0,0.36,3.0,0.3699999938,3.0,0.019999993800000004,0.3699999938,3.0,0.37,11.0,0.020000000000000018,0.3699999135,15.0,0.3699999771,0.0,0.01999997710000001,0.3699999771,0.0,0.020000000000000018
0x08c64d56db56a0bafe59db235ec5bec87d1804923d6049c46026f08ae77c3433,2026-08-21|legacy|team falcons,Counter-Strike: Legacy vs Team Falcons - Map 1 Winner,Counter-Strike,single-game/map,1787320498,2026-08-21T13:54:58+00:00,1787323738,gammaClosedTime,1787320500.0,0.03333333333333333,1,Legacy,Legacy,1,0.484169875,1.0,25229.47769751306,25229.47769751306,25229.47769751306,331638.92911136005,269379.0148,378,180294.789502,0.46,0,-9.000000023018373e-09,0.10000000000000003,0.10000000000000003,-0.6687195092903655,-0.21799796377375344,-0.21495509029490023,8,83794.72347089376,79.0,25229.47769751306,30086.978086271927,0.5439064679753286,6860.091599803751,0.2719077930210172,6860.091599803751,25229.47769751306,25229.47769751306,0.2719077930210172,1.0,229,229,229.0,2,79,0.0,0.4081134850331522,0.07605638996684783,0.5300000298,0.0,0.04583015480000002,0.5479701683,20.0,0.5242820768,0.0,0.040112201800000025,0.5479701683,5.0,0.56,0.0,0.07583012500000003,0.57,11.0,0.57,0.0,0.08583012499999992,0.5799999993,3.0,0.38,0.0,-0.10416987500000002,0.37,5.0,-0.16849001740000008
0x61667bf31ebd267b84655d20b438a9d9bec099fd26894613bf5fc3798406350f,2026-08-21|brandon nakashima|cincinnati open taylor fritz,Cincinnati Open: Taylor Fritz vs Brandon Nakashima,Tennis,match winner,1787342629,2026-08-21T20:03:49+00:00,1787352631,gammaClosedTime,1787340000.0,-43.81666666666667,0,Brandon Nakashima,Brandon Nakashima,1,0.3892754404,1.0,433832.54558027256,433832.54558027256,433832.54558027256,535075.54420695,821248.0511,733,207700.424211,0.38,5,0.009999999499999968,0.010000000000000009,0.010000002000000008,-0.8399647326286195,-0.5396222139127692,0.41690082330352596,5,21034.09941468759,835.0,433832.54558027256,4170.937865957081,0.009522613457637295,426004.93288027256,0.9819570643564093,426004.93288027256,433832.54558027256,433832.54558027256,0.9819570643564093,1.0,163,163,162.0,2,59,0.0,0.3889098803213558,0.00036556007864418927,0.370000012,2.0,-0.019275428400000016,0.3799999468,29.0,0.3700000147,5.0,-0.019275425700000015,0.3799999468,14.0,0.3700000819,3.0,-0.019275358500000006,0.3799999742,11.0,0.3500000147,0.0,-0.03927542570000003,0.3599999856,2.0,0.35,6.0,-0.03927544040000003,0.35,6.0,-0.08927544039999996
0x9395d17548525858db6a29acefc0f2d9e1c4d4c0aa1e1f1653df624e09ebe871,2026-08-22|team liquid|team spirit,Dota 2: Team Spirit vs Team Liquid (BO3) - The International Playoffs,Dota 2,series winner,1787345917,2026-08-21T20:58:37+00:00,1787374393,gammaClosedTime,1787364900.0,316.3833333333333,1,Team Spirit,Team Spirit,1,0.6,1.0,60222.3898,60222.3898,60222.3898,2292082.1099722004,1306055.0132,1467,149960.424536,0.599999976,89,0.0,0.009999904900000023,0.00999997599999991,,0.9963981375676417,0.9902894096924517,0,0.0,,60222.3898,3205.3422069985354,0.050535343225655026,55212.57,0.9168113418175909,55212.57,55212.57,55212.57,0.9168113418175909,0.9168113418175909,1437,1437,1435.0,2,24,0.0,0.5991552047876392,0.0008447952123608049,0.6,5.0,0.0,,,0.6,17.0,0.0,,,0.6,24.0,0.0,,,,,,,,0.6099999961,35.0,0.00999999610000002,0.6099999961,35.0,0.0
0x6b354e80ea28a57c40f01a78d2ff066d816e34c3a4f7985c523645b7105f158c,2026-08-22|team vision|team yandex,Dota 2: TEAM VISION vs Team Yandex (BO3) - The International Playoffs,Dota 2,series winner,1787391916,2026-08-22T09:45:16+00:00,1787403433,gammaClosedTime,1787388300.0,-60.266666666666666,0,TEAM VISION,TEAM VISION,1,0.88,1.0,31977.149599999997,31977.149599999997,31977.149599999997,1376051.21252559,561683.1376,41032,136930.25968,0.88,3,0.010000000000000009,0.020000017199999998,0.17000000510000002,0.8661147002306484,0.7986638205519837,0.6433788084537886,5,17120.290650320003,30.0,31977.149599999997,0.0,0.0,31977.149599999997,1.0,31977.149599999997,31977.149599999997,31977.149599999997,1.0,1.0,0,0,,1,0,0.0,0.88,0.0,0.88,9.0,0.0,0.9,35.0,0.88,2.0,0.0,0.9,20.0,0.9,5.0,0.020000000000000018,0.9,5.0,0.91,2.0,0.030000000000000027,0.91,2.0,0.905,0.0,0.025000000000000022,0.91,0.0,0.010000015200000045
0x042cca2d782c3764afd584202907651edd0f4dbdc91675135bce71cde5b5a510,2026-08-22|team vision|team yandex,Dota 2: TEAM VISION vs Team Yandex - Game 2 Winner,Dota 2,single-game/map,1787392470,2026-08-22T09:54:30+00:00,1787398272,gammaClosedTime,1787388300.0,-69.5,0,TEAM VISION,Team Yandex,0,0.67,1.0,30354.899400000002,30354.899400000002,30354.899400000002,507444.11916202,-507491.9671,41586,136930.25968,0.67,20,1.2999999965401798e-09,1.6099999999852344e-08,0.010000000000000009,1.0,0.07528750070115171,0.013924824519153606,3,2399.99999716,672.0,30354.899400000002,32.200604000044905,0.0010596800614670744,30354.899400000002,1.0,30354.899400000002,30354.899400000002,30354.899400000002,1.0,1.0,0,0,0.0,1,4,0.0,0.67,0.0,0.6700000054999999,27.0,5.499999899960528e-09,0.68,33.0,0.6700000054999999,12.0,5.499999899960528e-09,0.68,18.0,0.6849999999999999,6.0,0.014999999999999902,0.69,6.0,0.6799999999999999,0.0,0.009999999999999898,0.6799999998,42.0,0.6599999999999999,19.0,-0.01000000000000012,0.6599999842,40.0,-0.020000000900000092
0xaea50c46b138456d358138b2c1737f22cc692ac199e2cfa0c1e86e2babf9e37b,2026-08-22|furia|fut esports,Counter-Strike: FURIA vs FUT Esports (BO3) - Esports World Cup Playoffs,Counter-Strike,series winner,1787407650,2026-08-22T14:07:30+00:00,1787419605,gammaClosedTime,1787407800.0,2.5,1,FUT Esports,FUT Esports,1,0.4483519343,1.0,1005518.9278898034,1005518.9278898034,1005518.9278898034,1300262.81278488,1535241.4715,8847,100738.0,0.4299999989,1,0.019999998899999982,0.02999999889999999,0.03999999849999997,-0.8840378566867066,-0.7852551469189009,0.35077206146922835,5,130918.76481559999,344.0,1005518.9278898034,46532.611086920144,0.044230353136672396,1005518.9278898034,1.0,1005518.9278898034,1005518.9278898034,1005518.9278898034,1.0,1.0,66,0,66.0,1,14,0.0,0.4483519343,0.0,0.41000000000000003,0.0,-0.038351934299999946,0.4199999693,13.0,0.41000000000000003,0.0,-0.038351934299999946,0.4199999977,7.0,0.42000000000000004,0.0,-0.028351934299999937,0.4199999272,4.0,0.4000000077,1.0,-0.048351926599999984,0.4143303016,4.0,0.48000000919999997,4.0,0.03164807489999999,0.49,6.0,0.0016480666000000532
0xe20c204c80c680c4a471a29cea5ec81631cf1505f0c7824620c5dee4586ae581,2026-08-22|legacy|spirit,Counter-Strike: Legacy vs Spirit (BO3) - Esports World Cup Playoffs,Counter-Strike,series winner,1787419168,2026-08-22T17:19:28+00:00,1787429637,gammaClosedTime,1787421600.0,40.53333333333333,1,Spirit,Spirit,1,0.7646773229,1.0,696181.4205221916,696181.4205221916,696181.4205221916,1035489.2906464199,301196.9114,3069,200000.479879,0.7300000025,0,-0.009999997500000024,-2.9299999981802216e-08,2.4999999848063226e-09,-0.7583526170441599,-0.39125564074436003,0.12769153187313045,8,10291.72520411502,406.0,696181.4205221916,1187.3065209906956,0.001702552000037099,696181.4205221916,1.0,696181.4205221916,696181.4205221916,696181.4205221916,1.0,1.0,0,0,0.0,1,6,0.0,0.7646773229,0.0,0.7700000316,14.0,0.005322708699999956,0.76,30.0,0.77,0.0,0.005322677100000006,0.76,15.0,0.7799999633,3.0,0.015322640399999976,0.7799999979,3.0,0.78,0.0,0.015322677100000015,0.78,0.0,0.76,6.0,-0.004677322900000003,0.7699999877,23.0,0.005322662500000019
0x95959560144520f539cadad1509aaa3fc47e95aaeb1ade1849987ad5f1f6b58f,2026-08-22|cincinnati open jessica pegula|iga swiatek,Cincinnati Open: Jessica Pegula vs Iga Swiatek,Tennis,match winner,1787431147,2026-08-22T20:39:07+00:00,1787440998,gammaClosedTime,1787427900.0,-54.11666666666667,0,Iga Swiatek,Jessica Pegula,0,0.6167093714,1.0,30682.851501859644,30682.851501859644,30682.851501859644,199966.15126100002,-199989.0717,15048,200000.479879,0.6,8,0.04000000039999996,0.05999999999999994,-0.0699999993,0.5761879352197081,0.7884710337431957,0.22691895355052566,4,33752.87392234484,87.0,30682.851501859644,275.05060000000003,0.008884665346347152,30682.851501859644,1.0,30682.851501859644,30682.851501859644,30682.851501859644,1.0,1.0,0,0,0.0,1,3,0.0,0.6167093714,0.0,0.6699999999999999,3.0,0.05329062859999989,0.68,8.0,0.69,3.0,0.07329062859999991,0.7,12.0,0.6038218547,14.0,-0.01288751669999999,0.6599999968,18.0,0.7100000360000001,0.0,0.09329066460000002,0.7099999503,14.0,0.74,27.0,0.12329062859999995,,,0.07329062809999998
0x0235a1bf063ee72029bfca7e13c38e640d1b13f7961f36d85ed2f0859a55ee10,2026-08-22|baltimore orioles|tampa bay rays,Tampa Bay Rays vs. Baltimore Orioles,MLB,match winner,1787439670,2026-08-22T23:01:10+00:00,1787450340,gammaClosedTime,1787439900.0,3.8333333333333335,1,Tampa Bay Rays,Baltimore Orioles,0,0.56,1.0,38961.5856,38961.5856,38961.5856,392031.76739286,-392048.3453,268,62340.044738,0.5499999961,18,1.0190000010457112e-07,3.280000004934891e-08,-3.8999999896205395e-09,1.0,1.0,-0.9164758817519247,0,0.0,,58660.95859872595,0.0,0.0,38961.5856,0.6641825590767997,58660.95859872595,58660.95859872595,58660.95859872595,1.0,1.0,0,0,,2,0,0.0,0.5588369541113947,0.0011630458886053852,0.56,0.0,0.0,0.56,0.0,0.5500000005,30.0,-0.009999999500000079,0.56,38.0,0.5500000005,0.0,-0.009999999500000079,0.56,8.0,0.56,6.0,0.0,0.56,6.0,0.56,42.0,0.0,0.56,42.0,-0.030000000000000027
0x321d3afb156d373bfe817fae985e178d89bee1c15ab40965fad373e1d7fa3134,2026-08-23|team spirit|team yandex,Dota 2: Team Yandex vs Team Spirit (BO3) - The International Playoffs,Dota 2,series winner,1787444983,2026-08-23T00:29:43+00:00,1787459310,gammaClosedTime,1787451000.0,100.28333333333333,1,Team Spirit,Team Spirit,1,0.688813747,1.0,34193.354997864706,34193.354997864706,34193.354997864706,278752.50301583996,-26824.1672,4404,79832.888207,0.68,0,3.100000034450545e-09,0.009999986500000113,5.800000035804942e-09,1.0,0.4517043129184214,-0.9020073434374395,0,0.0,,34193.354997864706,0.0,0.0,34193.354997864706,1.0,34193.354997864706,34193.354997864706,34193.354997864706,1.0,1.0,0,0,,1,0,0.0,0.6888137469999999,1.1102230246251565e-16,0.6700000087,8.0,-0.018813738299999994,0.68,29.0,0.6699999999999999,3.0,-0.018813747000000047,0.68,14.0,0.685007922,23.0,-0.0038058249999999294,0.685007922,23.0,0.6899999505,27.0,0.0011862034999999826,0.6899999505,27.0,0.6799999999999999,8.0,-0.008813747000000038,,,-0.00881375239999993
0x0721f8701f61a1b563634b4e0af8baaabd1ff8993dcd8edaaffc3e211dfad50a,2026-08-22|eagles|patriots,Eagles vs. Patriots,Other sports,match winner,1787450550,2026-08-23T02:02:30+00:00,1787456307,gammaClosedTime,1787439600.0,-182.5,0,Eagles,Patriots,0,0.8191582048,1.0,78484.71899812086,78484.71899812086,78484.71899812086,246599.92684200002,-246621.2269,101,209206.51757,0.79,31,0.12,0.06000000000000005,0.3500000000000001,1.0,0.3896717306725951,0.19977336556248174,6,24341.286055632,167.0,78484.71899812086,7034.734443999706,0.08225887983207004,78484.71899812086,1.0,78484.71899812086,78484.71899812086,78484.71899812086,1.0,1.0,0,0,0.0,1,6,0.0,0.8191582048000001,-1.1102230246251565e-16,0.8200000369,0.0,0.0008418320999999951,0.83,42.0,0.8200000000000001,3.0,0.0008417952000000506,0.83,27.0,0.8200000000000001,6.0,0.0008417952000000506,0.83,10.0,0.7194272518,4.0,-0.09973095300000001,0.75,15.0,0.16000000000000003,3.0,-0.6591582048,0.16000000000000003,3.0,-0.8181582048
0xe73c7a324d88c5040647fc72c66c3092aa9d0efd7479d23433781d13bb736456,2026-08-23|team spirit|team yandex,Dota 2: Team Yandex vs Team Spirit - Game 1 Winner,Dota 2,single-game/map,1787451385,2026-08-23T02:16:25+00:00,1787455408,gammaClosedTime,1787451000.0,-6.416666666666667,0,Team Yandex,Team Spirit,0,0.41,1.0,29242.8072,29242.8072,29242.8072,377134.74290799,-377178.9218,936,209206.51757,0.40000001119999995,29,-3.800000092368805e-09,0.009999986799999916,0.010000011199999936,-1.0,-0.2575449410487083,0.032814276090415886,1,1025.0,564.0,29242.8072,0.0,0.0,29242.8072,1.0,29242.8072,29242.8072,29242.8072,1.0,1.0,0,0,,1,0,0.0,0.41,0.0,0.42,8.0,0.010000000000000009,0.42,8.0,0.42,20.0,0.010000000000000009,0.42,20.0,0.42000000000000004,14.0,0.010000000000000064,0.43,39.0,0.42000000000000004,2.0,0.010000000000000064,0.4299999981,15.0,0.44,0.0,0.030000000000000027,0.4499999839,2.0,-0.054654598499999985
0x2b06aff495ed62b84e9c8da62e11b7bcd1eaedad4b290cb4fc6971deafed2642,2026-08-23|team spirit|team yandex,Dota 2: Team Yandex vs Team Spirit - Game 2 Winner,Dota 2,single-game/map,1787454484,2026-08-23T03:08:04+00:00,1787459310,gammaClosedTime,1787451000.0,-58.06666666666667,0,Team Yandex,Team Spirit,0,0.4167487995,1.0,231261.35650849793,231261.35650849793,231261.35650849793,1142071.1513001001,-1142095.818,285,131255.417914,0.39,0,0.010000000000000009,0.030000000000000027,4.410000004062553e-08,-0.14597449915905772,-0.6995968208770431,-0.6859970734047331,0,0.0,,231261.35650849793,35.701611997298386,0.00015435393898827486,228990.18770849792,0.9901792118048198,231261.35650849793,231261.35650849793,231261.35650849793,1.0,1.0,37,37,28.0,2,1,0.0,0.416353370979728,0.0003954285202719676,0.39000000069999996,0.0,-0.02674879880000003,0.4099999997,3.0,0.41000000000000003,2.0,-0.006748799499999958,0.4199999688,8.0,0.4100000174,0.0,-0.0067487820999999615,0.42,8.0,0.4,5.0,-0.016748799499999967,0.409999991,15.0,0.4,2.0,-0.016748799499999967,0.4,2.0,-0.011748799499999962
0x0ba31a59ae7b92571ff0f2a6f5bf8843fa88d5c9f4d0d962d21917ba0b2bdb42,2026-08-23|team spirit|team vision,Dota 2: TEAM VISION vs Team Spirit (BO5) - The International Playoffs,Dota 2,series winner,1787459826,2026-08-23T04:37:06+00:00,1787492895,gammaClosedTime,1787465700.0,97.9,1,Team Spirit,Team Spirit,1,0.42,1.0,61360.8656,61360.8656,61360.8656,2340335.2564032003,2882989.9643,1757,132012.950486,0.4100000106,4,5.700000027530905e-09,0.010000010399999981,-0.0017646516999999529,-0.8665778728662783,-0.6690076751133561,-0.8026606910242112,1,2100.0,284.0,61360.8656,33904.049750492544,0.35589229912979975,42252.9912,0.6885983564091052,42252.9912,52502.9912,61360.8656,0.6885983564091052,0.8556429360409805,651,651,555.0,5,80,0.0,0.4168090807668961,0.003190919233103884,0.4200000006,3.0,5.999999941330714e-10,0.4299999985,6.0,0.42000000000000004,12.0,5.551115123125783e-17,0.4299999871,13.0,0.4287880304,0.0,0.008788030400000035,0.4287880304,0.0,0.43,3.0,0.010000000000000009,0.43,3.0,0.4299999987,1.0,0.009999998700000012,0.4299999987,1.0,0.020000000000000018
0x65e192c00f6ffe5e487ada218f0792aa5ce0a9d1017360ad21ac7d95ef54324a,2026-08-23|fut esports|spirit,Counter-Strike: FUT Esports vs Spirit (BO5) - Esports World Cup Playoffs,Counter-Strike,series winner,1787492952,2026-08-23T13:49:12+00:00,1787504782,gammaClosedTime,1787487300.0,-94.2,0,Spirit,Spirit,1,0.7,1.0,26980.461899096765,26980.461899096765,26980.461899096765,726033.7950093,269884.3895,30296,203564.860292,0.7,5,0.030000000000000027,0.09021036649999992,0.10999999699999996,0.16999172923918296,-0.36661383940017656,-0.16585896863933963,9,7688.687999999999,105.0,26980.461899096765,40972.93215898693,0.6029563751291804,12094.207999999999,0.4482580040783098,12936.007999999998,26980.461899096765,26980.461899096765,0.47945835947430765,1.0,95,95,95.0,3,22,0.0,0.6769893284194343,0.02301067158056569,0.6999999767,3.0,-2.32999999294492e-08,0.6999999767,3.0,0.7,0.0,0.0,0.7,0.0,0.7,3.0,0.0,0.71,15.0,0.7100000021,1.0,0.010000002100000072,0.7199999611,13.0,0.7,0.0,0.0,0.709999999,10.0,0.03999998960000006
0x7c83e1f889ddaf02b9e41091d1902f20a5f1f93cac9e04ad8f8451a889278aa3,2026-08-24|seahawks|titans,Seahawks vs. Titans,Other sports,match winner,1787532987,2026-08-24T00:56:27+00:00,1787542485,gammaClosedTime,1787529600.0,-56.45,0,Seahawks,Titans,0,0.73,1.0,27590.850799970318,27590.850799970318,27590.850799970318,99937.94852015999,-99960.6137,39734,1199999.995147,0.7399999957,34,-0.009500337400000003,-0.010000004300000032,0.060000031999999925,0.3183911185817464,0.38025171865252616,0.7336467641333432,3,3063.9267999999997,672.0,27590.850799970318,0.0,0.0,8109.6867999999995,0.29392666644439697,8109.6867999999995,8109.6867999999995,27590.850799970318,0.29392666644439697,0.29392666644439697,795,795,,2,0,0.0,0.700849777646968,0.029150222353031996,0.7299999416,40.0,-5.839999994705636e-08,0.7299999416,40.0,0.7299999416,25.0,-5.839999994705636e-08,0.7299999416,25.0,0.7299999993,22.0,-6.999999468959572e-10,0.7299999993,22.0,0.7200000952000001,0.0,-0.009999904799999904,0.73,21.0,0.7942138581,16.0,0.06421385810000002,0.7942138581,16.0,0.030000000000000027
0xc8c730564e87323797921a4953d27b8371175d6eed6cbe2232fd728e2e35222f,2026-08-24|monterrey open lilli tagger|yulia starodubtseva,Monterrey Open: Lilli Tagger vs Yulia Starodubtseva,Tennis,match winner,1787540403,2026-08-24T03:00:03+00:00,1787543700,gammaClosedTime,1787535000.0,-90.05,0,Yulia Starodubtseva,Yulia Starodubtseva,1,0.51,1.0,32246.634501070497,32246.634501070497,32246.634501070497,104381.59636940999,79606.6696,62,100224.755384,0.5,2,-0.019999986099999978,0.11999994670000003,0.050000000000000044,-0.34101317546359317,0.5790443172317813,0.6499506946906285,1,3005.78028891,69.0,32246.634501070497,38.495852000120905,0.001192370963943145,8520.927,0.2642423661209398,32246.634501070497,32246.634501070497,32246.634501070497,1.0,1.0,24,24,24.0,2,22,0.0,0.461654741861831,0.048345258138169034,0.51,1.0,0.0,0.519999997,9.0,0.5464259196500001,12.0,0.03642591965000008,0.55,12.0,0.6,1.0,0.08999999999999997,0.6,1.0,0.63,12.0,0.12,0.63,12.0,0.47,3.0,-0.040000000000000036,0.4299999998,40.0,0.25
0xffce8ed60d88e144e457f87eeac58639d8aa4e10cbd563fb2ac60b8c5126ac8f,2026-08-24|augsburg andrej nedic|juan estevez,Augsburg: Andrej Nedic vs Juan Estevez,Tennis,match winner,1787575893,2026-08-24T12:51:33+00:00,1787581098,gammaClosedTime,1787571000.0,-81.55,0,Andrej Nedic,Juan Estevez,0,0.8441324418,1.0,29212.29901006711,29212.29901006711,29212.29901006711,84318.9137049,-84329.2135,35552,100224.755384,0.8200000485,4,-0.07695576925000014,-0.09000982150000003,-0.1559999515,-0.1894105158228334,-0.7835275989225005,-0.6451691168887376,1,1739.8202724829348,762.0,29212.29901006711,25754.34137221869,0.46854494277075354,12877.561169986884,0.4408266930839313,12877.561169986884,29212.29901006711,29212.29901006711,0.4408266930839313,1.0,62,62,62.0,2,4,0.0,0.8646094176130581,-0.020476975813058074,0.812,6.0,-0.03213244179999997,0.82,9.0,0.8220283897,7.0,-0.022104052099999993,0.8220283897,7.0,0.774999969,0.0,-0.06913247280000001,0.774999969,0.0,0.735999996,0.0,-0.10813244580000003,0.735999996,0.0,0.739,0.0,-0.10513244180000003,0.739,0.0,-0.4441324418
0x4f3f51bd7b310107f260e728770533022ad632903aa3407cb9f91ddd1777d533,2026-08-24|alliance|phantom academy,Counter-Strike: Alliance vs  Phantom Academy (BO3) - United21 Group D,Counter-Strike,series winner,1787586648,2026-08-24T15:50:48+00:00,1787607702,gammaClosedTime,1787576400.0,-170.8,0, Phantom Academy, Phantom Academy,1,0.3999762299,1.0,47547.881987374276,47547.881987374276,47547.881987374276,350341.86031872,389839.7929,84,234702.39252,0.3899999558,38,0.04757503420000003,0.16999995580000005,0.07199995580000002,-0.8624122839636983,-0.539710618405731,-0.6941347488047006,0,0.0,,47547.881987374276,187550.9912689877,0.7977536798505792,40131.6070274919,0.8440251247815481,40222.27202748648,40222.27202748648,40222.27202748648,0.8459319394745486,0.8459319394745486,6504,6504,6504.0,6,59,0.0,0.41355593219028175,-0.01357970229028177,0.3416464174,4.0,-0.05832981249999997,0.4,9.0,0.3715,21.0,-0.028476229899999983,0.41,34.0,0.3917345911,3.0,-0.008241638800000006,0.41,4.0,0.41000000000000003,0.0,0.010023770100000051,0.4,6.0,0.376,1.0,-0.02397622989999998,0.3970769489,9.0,0.031023807600000064
0x7e30518fe626e4cef2e0555fa78bdce118cbbb06a6573176d008fbefa60d78e6,2026-08-24|boston red sox|miami marlins,Boston Red Sox vs. Miami Marlins,MLB,match winner,1787619726,2026-08-25T01:02:06+00:00,1787623350,gammaClosedTime,1787611200.0,-142.1,0,Boston Red Sox,Boston Red Sox,1,0.48,1.0,28877.972198007603,28877.972198007603,1704.8334980076033,52049.90280724,28342.7535,1655,19080.894634,0.47,1,0.0,-0.16500000000000004,0.26999999999999996,-0.9606522348295524,-0.9780915805851432,-0.24982205522695852,2,8223.7296,347.0,28877.972198007603,18484.5493,0.39027798173240397,24000.0,0.8310832850533684,24000.0,24000.0,24000.0,0.8310832850533684,0.8310832850533684,2492,2492,1623.0,7,2,27176.1809,0.4247824124590628,0.055217587540937196,0.47,6.0,-0.010000000000000009,0.4699999998,18.0,0.4699999998,3.0,-0.01000000019999997,0.4699999998,3.0,0.5,0.0,0.020000000000000018,,,0.51,6.0,0.030000000000000027,0.51,6.0,0.41930996410000004,4.0,-0.06069003589999994,0.42000000000000004,42.0,0.16000000000000003
