condition_id,event_key,timestamp,discipline_raw,market_type,cost_usdc,log_cost,pnl_usdc,roi,won,taker_share,started_pregame,majority_pregame,dominant_concentration,dominant_average_price,correlated_event,discipline
0x8b9176d24ac65c3ec55f5113c290b7ce97dc026dc506db9f1444879ffcdadd6d,2026-06-19|team falcons|vitality,1781894228,Counter-Strike,series winner,124355.32521940001,11.730906314197657,258443.3228,2.0782650227807182,1,0.9552537681011506,1,0,1.0,0.3246315186477331,1,Counter-Strike
0xfecf975f984273ab77d0d7bdbefb4ae80b31000a28e490ea90848f44f109b6a4,0xfecf975f984273ab77d0d7bdbefb4ae80b31000a28e490ea90848f44f109b6a4,1781915725,Soccer,match winner,244991.97765376,12.408984826478369,84653.9023,0.3455374462082954,1,0.5831303695236485,0,0,1.0,0.7424449405752505,0,Soccer
0x4e0cbb549bca15a39a13deea5a73842563c3c5ef773acbad79fa28fb95375598,2026-06-20|bad homburg open qualification irina camelia begu|tamara korpatsch,1781950313,Tennis,match winner,3915.4386342999996,8.272938008179498,417.6193,0.10665964633989515,1,1.0,0,0,1.0,0.9026999976982245,1,Tennis
0x8db82ef89ec0c82f29287f23b032ea278b7b4bacc08ef22ade1d0c4f23c8f056,2026-06-20|interactive philippines|og,1781952625,Dota 2,single-game/map,3607.1878257000003,8.19096093794838,-3607.4038,-1.0000598733169537,0,0.12499917048429034,0,0,1.0,0.4509281182285557,1,Dota 2
0xc9a89abf7afbc51e128dbb2af4679c552f7ea76bef4357884c0c07922ace118d,2026-06-20|grass court championships aryna sabalenka|jessica pegula,1781955869,Tennis,match winner,10694.02280083,9.277533753429147,4018.4399,0.37576503948431034,1,0.8906430252055132,0,0,1.0,0.7261319112907053,1,Tennis
0xba8426be65e07294ace564de4163c136fd1eb5bfdcb8888aa7df174173da583e,2026-06-20|aurora gaming|furia,1781961671,Counter-Strike,series winner,44903.3993122,10.712291049157768,11662.0866,0.2597150055147713,1,1.0,1,0,1.0,0.7930178558158943,1,Counter-Strike
0xaf503d0b1bc9cbca253451ad26d5a984aa845a2d229fbe52ad3e09cdc516da9e,2026-06-20|spirit|team falcons,1781970559,Counter-Strike,series winner,27573.752313060002,10.224655861780727,-27575.8917,-1.0000775878058128,0,0.375051305637365,1,0,1.0,0.5542595112141256,1,Counter-Strike
0xa90ce8b69a218dced329076162df3b79f99596d1dc71d93bd30a64a2c8b6ba3e,0xa90ce8b69a218dced329076162df3b79f99596d1dc71d93bd30a64a2c8b6ba3e,1782003958,Soccer,outright,28563.041458800002,10.25990391410332,56866.0224,1.9908952091822882,1,1.0,0,0,1.0,0.3340127517916563,0,Soccer
0x41c6ec8f06f778ba48e9cc001b4b994bf0499c5aa309e0bf1836f10db87ba0b4,2026-06-21|interactive philippines|mentality monster,1782022190,Dota 2,single-game/map,153.0,5.0369526024136295,-154.455,-1.0095098039215686,0,1.0,0,0,1.0,0.010296999999999999,1,Dota 2
0xad62719bc44aa16ba31ff97aded601702c675c16db296034e998b5ffb6e38e65,0xad62719bc44aa16ba31ff97aded601702c675c16db296034e998b5ffb6e38e65,1782022702,Crypto 5m,short-horizon binary,2178.510002,7.686855360793864,67.3765,0.030927790066671446,1,0.0,0,0,1.0,0.9700000063894589,0,Other
0xa591984c732dabc23f96eb8b004447ebb4b4835ccd64837897d40cba647645ca,0xa591984c732dabc23f96eb8b004447ebb4b4835ccd64837897d40cba647645ca,1782022862,Crypto 5m,short-horizon binary,1079.8978590000002,6.985547325663419,-1079.8978,-0.9999999453652031,0,0.003837862887710439,0,0,1.0,0.27005295429291415,0,Other
0x9c17a169dcc266172b0a76461708597b44fca894f37b53561977325d236a3afb,0x9c17a169dcc266172b0a76461708597b44fca894f37b53561977325d236a3afb,1782023116,Crypto 5m,short-horizon binary,2167.28607744,7.681692308393048,-2167.6834,-1.00018332723314,0,0.27658823275419225,0,0,1.0,0.5182138241337421,0,Other
0x0ca3ba42dc0cff66183ae137ac5d10b55545384573d0ab378b4e740df1abfcf8,0x0ca3ba42dc0cff66183ae137ac5d10b55545384573d0ab378b4e740df1abfcf8,1782025738,Crypto 5m,short-horizon binary,5717.3586749999995,8.6514370982672,1113.2455,0.19471325191960256,1,0.12777209569485606,0,0,1.0,0.83708712408182,0,Other
0x90f6609df033082fa34af2302819e0148430a65b3c2acb94e1eb4260e3aa5e1e,0x90f6609df033082fa34af2302819e0148430a65b3c2acb94e1eb4260e3aa5e1e,1782025883,Crypto 5m,short-horizon binary,3293.7358212000004,8.100081268062276,6705.0322,2.0356921635436955,1,0.2218261707411221,0,0,1.0,0.3295322093082745,0,Other
0x1ecaecae2f655c4a65f200c89ad513cb09e3459905682318102f67ad83f0ee7b,2026-06-21|furia|team falcons,1782026336,Counter-Strike,series winner,16815.0719776,9.730090373412043,11587.4308,0.6891097947981465,1,0.218797115716306,1,1,1.0,0.5920635762708697,1,Counter-Strike
0xd5ae7c109deb2b2980eed821cb9df677a58e4a92935d147e9265994a2a126c3e,2026-06-22|og|rekonix,1782108446,Dota 2,series winner,10122.1675002,9.222581887959933,7030.4163,0.6945564079888116,1,0.8715990653251108,1,0,1.0,0.5892457020960277,1,Dota 2
0xcad87428eb7e7a78f026946c1185f70bacc00fd23db8a5dc3454882f8fc20d6b,2026-06-23|grind back|rekonix,1782186317,Dota 2,series winner,1006.94555406,6.915669433343149,1970.9334,1.957338598947287,1,0.10575544393351172,1,0,1.0,0.3378156798149328,1,Dota 2
0x960ba482b9e90b43d0eef2ba0a6c0b2d9b0b7bb6d66b0e6a4f7923f8c1f24f2e,0x960ba482b9e90b43d0eef2ba0a6c0b2d9b0b7bb6d66b0e6a4f7923f8c1f24f2e,1782197779,Crypto 5m,short-horizon binary,1695.9950604300002,7.4366143544639325,1263.1538,0.7447862493654562,1,0.23874487529992228,0,0,1.0,0.5731869582746357,0,Other
0xfee62bffbc4896257980c6830c60fbff5fad5be326cc84e3bf54ba18be0c7b2a,2026-06-23|grind back|og,1782199996,Dota 2,series winner,21228.0272568,9.963124734372956,22621.3689,1.0656368877967062,1,0.7123405992642643,0,0,1.0,0.48380811469968554,1,Dota 2
0x0ffe01e6ee388eaa4478913fcfe860f0c9cf50533fb803c2cbbef7ffb34855c7,2026-06-23|grind back|og,1782200771,Dota 2,single-game/map,8976.360176319999,9.102461151077248,-8977.706,-1.000149929777055,0,0.19455401408739534,0,0,1.0,0.6537110861757491,1,Dota 2
0xecdabdaebb27e65118bc031b064247a7cfa42714def2748a376f6de300bcdb8e,2026-06-24|inner circle|mouz,1782289811,Dota 2,single-game/map,3121.20595248,8.046295067022575,-3121.5577,-1.0001126960301099,0,0.745767534552361,0,0,1.0,0.5413646016284114,1,Dota 2
0xe72f58152e7ace027067708a13d9dd0179c58118ad9cf55f7c2f164ed0a661be,0xe72f58152e7ace027067708a13d9dd0179c58118ad9cf55f7c2f164ed0a661be,1782294634,Crypto 5m,short-horizon binary,11935.763198219998,9.387378261269049,-11937.5911,-1.0001531449434482,0,0.2153769865680779,0,0,1.0,0.5944480731665724,0,Other
0xa5a05b88bc1fdee5aad10da87dd1c8ad3222913c1dfe3592a339c84c4ff3970d,2026-06-24|4ikibamboni|l1ga team,1782296732,Dota 2,single-game/map,18809.880471,9.842190729865187,-18812.0585,-1.0001157917512211,0,0.01490272756366847,0,0,1.0,0.5700964718880364,1,Dota 2
0xa36429dad7a9583996b314c36d44e35a31f97afcb14e91b512df1ee9a4c532bf,2026-06-24|4ikibamboni|l1ga team,1782300080,Dota 2,single-game/map,27294.599421479998,10.214480774827626,-27300.4218,-1.000213316137383,0,0.24128166596820638,0,0,1.0,0.3845127250617955,1,Dota 2
0xf9938e76c911d8909ee03b556a17ad471d0543998ad7f0f27253f2930e2f8695,2026-06-24|4ikibamboni|l1ga team,1782302590,Dota 2,series winner,44746.72434792,10.708795869849519,-44747.0377,-1.0000070027937145,0,0.40330879411108034,0,0,1.0,0.42843719715289347,1,Dota 2
0xc0e93841054149e0ab66fff72267b06c4372457f0c3e3825dc26052ce28e817b,2026-06-24|virtus pro|yellow submarine,1782309310,Dota 2,series winner,67484.29145406,11.119664948731716,-67485.3754,-1.0000160621963519,0,0.1917730072947755,0,0,1.0,0.5603326622415644,1,Dota 2
0xdd69680d1e75d254dac8a5ef090ade57a3424ab0129a1e6975b64ed98d08dbb3,2026-06-24|virtus pro|yellow submarine,1782309329,Dota 2,single-game/map,81202.564377,11.304714421454829,81581.9333,1.0046718835286863,1,0.6929356507520393,0,0,1.0,0.49834850934151054,1,Dota 2
0x15997010fed314e4eab6443a12e2b416ca8935287c53216addc8ec6851d2f9ab,2026-06-24|game handicap vsn 1 5|power rangers 1 5,1782320381,Dota 2,match winner,12020.78923325,9.394476051691141,-12023.0032,-1.000184178152286,0,0.18242933922768104,1,0,1.0,0.2389564073893377,1,Dota 2
0xaa99430a8925edf2a3113ab39654f38cbe9438aba94cc1e6f9828f7002f28d2a,2026-06-24|mandatory|navi junior,1782320420,Valorant,series winner,55750.55541799,10.92866058880743,59286.4143,1.063422845844313,1,0.6750628523656534,0,0,1.0,0.4841786011731602,1,Other
0xa596e8dffadd09c01a0efc246aaa6628157ac827ae35d5421b6ed89c8ca48c5c,2026-06-24|isurus|mibr academy,1782323584,Counter-Strike,series winner,52.5,3.979681653901961,17.5,0.3333333333333333,1,0.0,0,0,1.0,0.75,1,Counter-Strike
0xcdd98374f37c1b588cebd7bc4b217898de6875793bec66708f3964cef7fa6864,2026-06-24|harold mayot|wimbledon qualification atp alejandro moro canas,1782323669,Tennis,match winner,115167.52944172,11.654151807993435,22015.0436,0.19115668892715643,1,0.777373239451665,0,0,1.0,0.8386705301175245,1,Tennis
0x8706fcec3f5b2710dfab9071c442cc49979215700b3d1a217be994a25fe94fe1,2026-06-24|storm hunter|wimbledon qualification wta aliaksandra sasnovich,1782324329,Tennis,match winner,753799.95974708,13.532883633026195,246047.2368,0.32640919333898005,1,0.8605016334485497,0,0,1.0,0.7539622739274273,1,Tennis
0xe1953a0f479de0ff3efabb7dff6116ff6cb9d7fe2d7ee6526c5d68da9cf09767,0xe1953a0f479de0ff3efabb7dff6116ff6cb9d7fe2d7ee6526c5d68da9cf09767,1782331532,Soccer,outright,3823.5474019999997,8.24919541298502,-3823.8148,-1.0000699345324868,0,1.0,0,0,1.0,0.35742547131628316,0,Soccer
0x9b7ab07abbe443e67910ffaaf0da9093d9e661efc744c027e0c831002941bf44,2026-06-24|gg boom|the bug,1782332722,Dota 2,series winner,937.69033735,6.844485645639173,-938.0017,-1.0003320527444912,0,0.013660570082294496,0,0,1.0,0.18076718357626193,1,Dota 2
0x5e001dd3130aa8281486cc23abf3290da741319a4ceb43772ed0798e1a3ac030,2026-06-24|keyd|yawara esports,1782333122,Counter-Strike,single-game/map,40367.49564546,10.605804948982732,-40368.544,-1.0000259702645218,0,0.04123641595160442,0,0,1.0,0.5391871685138384,1,Counter-Strike
0x31bfa69e4af297e61d1cf99e6e9aad802f279564e89d8617925a1f2dc2e99631,2026-06-24|betclic apogee esports|og,1782335408,Counter-Strike,series winner,91822.81558473,11.42762697199025,-91822.8156,-1.0000000001662985,0,0.2062290487502709,0,0,1.0,0.7516881593018917,1,Counter-Strike
0x649bd3dc845f647aa8c9a739ad8de245b853224961afd01127de0071c13f84b3,0x649bd3dc845f647aa8c9a739ad8de245b853224961afd01127de0071c13f84b3,1782339970,Soccer,outright,90254.67493587999,11.410401754394208,78081.432,0.8651234083494481,1,0.9106245354486133,0,0,1.0,0.5356154810667556,0,Soccer
0x034463895a8f8354d438aef0c0a1120dbf7c5d09451beff6b793f3db684cd70f,2026-06-24|division one|flyquest,1782345773,Valorant,series winner,1694.4945007000001,7.43572971809243,456.2302,0.2692426560319494,1,0.6589127310387081,0,0,1.0,0.7870795281951619,1,Other
0x52b38262be05c831fb9c5747b94aa4b702a99f8cfaf83966c799bf1cf703b63b,2026-06-24|division one|flyquest,1782345835,Valorant,single-game/map,16677.78840131,9.721893035463333,6796.6276,0.40752571242996105,1,0.5929454948224546,0,0,1.0,0.7097707907356368,1,Other
0x1f5cd4d1a23c11229b2781303dd39fb60ec6ee369dd173cedef8a7f7a1a27298,0x1f5cd4d1a23c11229b2781303dd39fb60ec6ee369dd173cedef8a7f7a1a27298,1782348971,Soccer,outright,19007.82031113,9.852658377330185,-19011.6873,-1.000203441994227,0,1.0,1,1,1.0,0.44739199955902204,0,Soccer
0xb7297ad99cd8e4957c64aca2fbf143efeb7045e95826cf4aa6b327ebfe1f1ec3,0xb7297ad99cd8e4957c64aca2fbf143efeb7045e95826cf4aa6b327ebfe1f1ec3,1782348991,Soccer,outright,8002.56,8.987641721678838,-8002.56,-1.0,0,1.0,1,1,1.0,0.2048,0,Soccer
0x8773f831dc57ff8ae7d7e1df0638d90e136dc38e0f14f45b47f2a198f8fb2d89,2026-06-25|rune eaters|team novaq,1782375418,Counter-Strike,series winner,4075.56357588,8.313009651683549,4179.1962,1.0254278021163303,1,0.6734265457166903,0,0,1.0,0.4932357574632886,1,Counter-Strike
0x4bfe94c33aed4fe0f96b98e1cb20d53f4d85dd4fb00cbf3997ce863fe040b6d2,0x4bfe94c33aed4fe0f96b98e1cb20d53f4d85dd4fb00cbf3997ce863fe040b6d2,1782376735,Crypto 5m,short-horizon binary,19798.827180000004,9.893428488361707,-19798.8272,-1.0000000010101606,0,0.0,0,0,1.0,0.6600000049736267,0,Other
0x3253198661329feeb4cfeb252d37752f4d87cb60a46a75e6a8ffcacb6e5e116c,2026-06-25|nigma galaxy|team spirit,1782377980,Dota 2,series winner,60924.25689567,11.017403095073274,-60932.1863,-1.0001301518431909,0,0.2894747254132082,1,1,1.0,0.3227758359285313,1,Dota 2
0xaa269fa30be71fe2b72dcc3593f6dfd6b8535b7bc6f5de636eea2e9a5bfbc723,2026-06-25|game handicap ts 1 5|nigma galaxy 1 5,1782378004,Dota 2,match winner,1862.6963508400002,7.530317080065708,1343.1857,0.7210975097440213,1,0.9744685777450993,1,0,1.0,0.5804475269476873,1,Dota 2
0x0df4079ffca6948103cc831a7fefaa724a4f5e0e2ad5eb85bb1015aeaabfaed8,2026-06-25|mallorca championships ethan quinn|vit kopriva,1782378862,Tennis,match winner,40069.95456062,10.598407025672872,-40077.2545,-1.0001821798766695,0,0.13465588720161578,0,0,1.0,0.40080100902413607,1,Tennis
0x979f299a27deb10109f2825c5e967b2549d4dda880bbe790a2d83d0f46629789,2026-06-25|game handicap vsn 1 5|virtus pro 1 5,1782399682,Dota 2,match winner,36298.72959003,10.499565570914728,73279.1419,2.018779795536625,1,0.7784296087150817,0,0,1.0,0.33106142656417176,1,Dota 2
0x17f3a43d05c97c1b2b6839f957d426ee288bc1ef7d4c093d6b538e932857719f,2026-06-25|team vision|virtus pro,1782400625,Dota 2,single-game/map,51472.02364746,10.848813136743365,142267.1994,2.763971363830777,1,0.8110721424431699,0,0,1.0,0.26496132287901203,1,Dota 2
0x81cef42df3d25aecf0bf7e96c344202e86f447f2f3ba2e4b8eb59f4680efeb22,0x81cef42df3d25aecf0bf7e96c344202e86f447f2f3ba2e4b8eb59f4680efeb22,1782441329,Soccer,outright,13224.438660239999,9.489897425192677,-13225.2406,-1.0000606407410253,0,1.0,0,0,1.0,0.5112324257523116,0,Soccer
0xc9742c7e9339fd79d47f12eee13eedc9c0734c29929d88c2ed3b2ea3c5ea6bd2,2026-06-26|andrej nedic|targu mures felix balshaw,1782468137,Tennis,match winner,29463.082775099996,10.290927267484925,9236.4149,0.3134911227892938,1,0.9785186753869415,0,0,1.0,0.7605615036320175,1,Tennis
0xa9970cdb57e2904552132071fe29051b06dc2c6d5996c326bcee2fec4d19c146,2026-06-26|mouz|natus vincere,1782470588,Dota 2,series winner,66005.74389496,11.097512196015186,-66018.8889,-1.0001991494113136,0,0.1853759497092824,0,0,1.0,0.4470362499873093,1,Dota 2
0x839315bb498ebc9c54e046e8377b5bffdafca455ea6a5a4be3d5358850dda76c,2026-06-26|mouz|natus vincere,1782475466,Dota 2,single-game/map,74970.0,11.22485665107695,-74978.55,-1.0001140456182473,0,0.059349814068046805,0,0,1.0,0.49989211142808854,1,Dota 2
0xe9e06d066c790c229bb32073e80a1f7fd5122627603dd67dd3609b0f87f632dc,2026-06-26|modus|yellow submarine,1782478298,Dota 2,series winner,101117.06798621999,11.524044103049228,-101130.5674,-1.0001335028205312,0,0.1488783382202994,1,0,1.0,0.3141906295151714,1,Dota 2
0x56efd2711e56dd340e975819fd0f02e8030f5fd75dc291923f9fda6b50dbe759,2026-06-26|hernan casanova|piracicaba valerio aboian,1782488344,Tennis,match winner,169075.1674382,12.038104587273361,-169095.9113,-1.0001226901745202,0,0.06455496026445207,0,0,1.0,0.6603413101814714,1,Tennis
0x16c962f9ea2ceec16839546ce67597b758fae7cf3d43167e769b296712021a38,2026-06-26|power rangers|team bald,1782488867,Dota 2,series winner,115292.67060608,11.655237809746723,-115292.6706,-0.9999999999472645,0,0.38321401630839275,1,1,1.0,0.4048837806616655,1,Dota 2
0x6b7615af2c62b299101f5274c1425af0c6adca4dd8f4753afef485f9a2fc772d,2026-06-26|alejandro davidovich fokina|mallorca championships fabian marozsan,1782492299,Tennis,match winner,65931.234434,11.09638274253867,-65938.5289,-1.000110637485596,0,0.06872978757418025,0,0,1.0,0.4701000719026972,1,Tennis
0xc5a3ee6ef1eace471fcfa0c20f58ddf77601be69367516c19e4f4abb40ede972,2026-06-26|4 anchors and ilmeria|the bug,1782504242,Dota 2,series winner,16035.7350247,9.68263730862491,18562.4196,1.1575658721853488,1,0.7206312190657633,0,0,1.0,0.46306798681796696,1,Dota 2
0x0bf9b39090c53a8a460e01221071c41fb59bddc707759d1cb661c7edb67c3d7c,2026-06-26|4 anchors and ilmeria|the bug,1782505177,Dota 2,single-game/map,413.76831937000003,6.027720097763578,622.4334,1.5043041500801984,1,0.7792538359734604,0,0,1.0,0.39890637311575344,1,Dota 2
0x82ff9c7da89d01ceaf97e6820105c374fbba0184f71c1384e0de0c1ea05df238,0x82ff9c7da89d01ceaf97e6820105c374fbba0184f71c1384e0de0c1ea05df238,1782514901,Dota 2,match winner,16014.7994778,9.681330981359242,-16015.2996,-1.0000312287519237,0,0.0009553366687131349,0,0,1.0,0.16010721696041386,0,Dota 2
0x04cdb9ffead22abb4b3fbb0b74b78ca3b4355eab6879db640a7a2f1b63aa6378,0x04cdb9ffead22abb4b3fbb0b74b78ca3b4355eab6879db640a7a2f1b63aa6378,1782515068,Dota 2,match winner,16999.984428,9.741026528891188,-16999.9844,-0.9999999983529397,0,0.0,0,0,1.0,0.17000000001379997,0,Dota 2
0x9db197e90ce1f4067cedd5279dce3238930a3a55486bcf05013f70f4b549bbf3,2026-06-27|d family|mentality monster,1782546670,Dota 2,single-game/map,215.392,5.377091577712262,314.0409,1.4579970472440946,1,1.0,0,0,1.0,0.4064407358490566,1,Dota 2
0x138e83031497f0cd8242e01d95662eb2bb703f77dca3e85a64b8f4bdb4916a69,2026-06-27|d family|mentality monster,1782549128,Dota 2,series winner,4047.3227347800002,8.30605793476062,-4047.9207,-1.0001477433995716,0,0.4617275892557361,0,0,1.0,0.46028903668896276,1,Dota 2
0x164a9d978f37bbf8fdb5bdd4261f5881b07a8d6032c16cba85ae4eed47b4b1d1,2026-07-05|puckchamp|re arise,1783271522,Dota 2,single-game/map,3049.73082037,8.023136454134857,-3050.4822,-1.0002463757210902,0,0.04810023066884681,0,0,1.0,0.3247979992115269,1,Dota 2
0x8054fef9f1b2bbf57dc4fc438b3744c96c0b4d59d128f660cc467fff34a7c3f0,2026-07-05|naomi osaka|wimbledon wta aryna sabalenka,1783273775,Tennis,match winner,12697.72367202,9.449256769130251,-12698.1814,-1.0000360480344213,0,0.05949947925352264,0,0,1.0,0.36062009348347773,1,Tennis
0x4da73e81ca85a3d9715340bea8dc38c102fe0bf63ba6aa1f3efd8a54d56e9d0d,2026-07-05|alejandro davidovich fokina|wimbledon atp felix auger aliassime,1783276258,Tennis,match winner,29230.944261480003,10.28301737185215,-29243.9913,-1.0004463433819752,0,0.6278235686188941,0,0,1.0,0.21069666956619482,1,Tennis
0x2a0e8ce7c309ec8015c4c721dec574ff100b0512ef412a54bb733dc5bef740dc,0x2a0e8ce7c309ec8015c4c721dec574ff100b0512ef412a54bb733dc5bef740dc,1783279364,Soccer,outright,62654.28044478,11.045403241605328,71249.4718,1.1371844237010322,1,1.0,1,0,1.0,0.46745199979465896,0,Soccer
0x99f0c39e4235d840bd25d2c229b2cda57cc087b6b8c2780f804fffeed0d0c628,0x99f0c39e4235d840bd25d2c229b2cda57cc087b6b8c2780f804fffeed0d0c628,1783294403,Soccer,outright,10184.2104978,9.228691995879837,16102.7105,1.5811447046856029,1,1.0,1,0,1.0,0.38706799960677235,0,Soccer
0x94e50623d3cfdc1256e16ff372062d42c282bec8af620bb732a19fb4b0dce580,2026-07-06|england team to advance|mexico,1783294421,Soccer,team to advance,11723.097883139999,9.369401650750213,10480.1694,0.8939761063560203,1,1.0,1,0,1.0,0.5274879993477314,1,Soccer
0x89ab30a18e87b65cfbfce393abbcc2e55543c75c217aec05a5e44f27278c9666,2026-07-06|alexandra eala|wimbledon wta jasmine paolini,1783343008,Tennis,match winner,30035.28629808,10.310161473005483,-30037.5981,-1.000076969531672,0,1.0,0,0,1.0,0.32482843916176174,1,Tennis
0xcfd05b8542186b65050be56282039a00a5099d36b956408b440cddac4bff1f96,2026-07-06|linda noskova|wimbledon wta madison keys,1783350839,Tennis,match winner,78892.24365399,11.275850871405506,-78900.793,-1.0001083673833324,0,1.0,0,0,1.0,0.562962952700966,1,Tennis
0xaa9814ea10240748005552c1a0cb9327defe6ecef2af432607a697cd87e75031,2026-07-06|arthur fery|wimbledon atp grigor dimitrov,1783356194,Tennis,match winner,151347.30305678,11.927339102340627,330128.1063,2.181261903135122,1,0.8880594128496145,0,0,1.0,0.31429304256881063,1,Tennis
0x84ceac327b0b2a76ced4315420c9f1ad695512b456c6ee565f134fc82384ffc3,2026-07-06|alexander bublik|wimbledon atp taylor fritz,1783358522,Tennis,match winner,203425.2398946,12.22305876064079,-164081.7375,-0.8065947843296882,0,0.24513991939374752,0,0,0.8565368734634536,0.3340924776669632,1,Tennis
0x3c995fa852613961df5b34fc1b2d14eb6850145f5d28d349d1622f4ed8cd84ca,2026-07-06|portugal|spain team to advance,1783365845,Soccer,team to advance,377333.69183585997,12.840887849342389,100160.5591,0.2654429256308493,1,0.5254541199933188,0,0,1.0,0.7903169052594257,1,Soccer
0x47a079b62e331859854eedaa3bddbfb41f3f8ed4063481ba956a6ed29b61bb88,0x47a079b62e331859854eedaa3bddbfb41f3f8ed4063481ba956a6ed29b61bb88,1783371838,Soccer,outright,104109.786,11.55321086114734,101.1917,0.0009719710690789433,1,1.0,0,0,1.0,0.9990299699656477,0,Soccer
0x83d646ac5646bf847f2dc0ce9c18c4d8909bbb7b050b31075afb9b67d3802b33,2026-07-07|belgium team to advance|united states,1783376732,Soccer,team to advance,21605.18651016,9.980734965171433,21932.3557,1.0151430856515007,1,1.0,1,1,1.0,0.4962878400651661,1,Soccer
0xa7b5b123f9fd38f83fbe19773a5d04e38208b370ca66be27b9688155e7b5c60a,0xa7b5b123f9fd38f83fbe19773a5d04e38208b370ca66be27b9688155e7b5c60a,1783441996,Soccer,outright,10345.253226,9.24437972600335,11323.1765,1.0945286937532135,1,1.0,0,0,1.0,0.47747299975680646,0,Soccer
0x71cf19220d20cbad74d50c08f51995fc8aa7f93455878bffbbec739d1d63cee6,2026-07-07|novak djokovic|wimbledon atp felix auger aliassime,1783445710,Tennis,match winner,10301.92578415,9.24018319059485,16309.2978,1.58313097392845,1,0.7416340108460853,0,0,1.0,0.3871758695310048,1,Tennis
0x6d621f9a6690d234786025521c650f3f65738e0f877ff776c8f50275a2b3aee7,2026-07-07|colombia team to advance|switzerland,1783462310,Soccer,team to advance,18363.67870272,9.818184463013333,-18365.0351,-1.0000738630479196,0,1.0,0,0,1.0,0.41973158607393707,1,Soccer
0xdf3505f0400f6cfe83088b7495f73e8a9c82263d5f9b1deab43240f1f5c9bb17,2026-07-07|alafia ayeni|bogota facundo mena,1783464730,Tennis,match winner,29919.82264513,10.3063099265343,20356.5906,0.6803713658815222,1,0.5153273852568832,0,0,1.0,0.5951140442389548,1,Tennis
0xf7266d7d2dafb8632bb8531f6c47320a81ae547581895b8086fdcdf20e51a153,2026-07-08|arthur fery|wimbledon atp flavio cobolli,1783524454,Tennis,match winner,18474.57460913,9.824204847315425,14853.7846,0.8040122662775342,1,0.3588044795550852,0,0,1.0,0.5543414419243275,1,Tennis
0x9918c9f426379e48d5e6a6fbf591e75e5b4a9cd33807b097810fdbaf3aebd1b4,2026-07-09|france|morocco team to advance,1783558577,Soccer,team to advance,13894.12818762,9.539293567583492,-13896.9588,-1.0002037272394337,0,1.0,1,1,1.0,0.23074840117257303,1,Soccer
0x8586f76f1f694c182c7e794570d70c1a470b9b9c7a606b3506af53cfc2d59ee8,2026-07-09|miami marlins|seattle mariners,1783640032,MLB,match winner,13183.99825312,9.486834966297428,-13184.3982,-1.0000303357807185,0,0.703251045539266,0,0,1.0,0.3296115550238102,1,MLB
0x97f5400ef41f537833609535f4d2baf853d60f888e52c9627a37ca88c26d9193,2026-07-09|athletics|detroit tigers,1783641793,MLB,match winner,5897.2647216000005,8.682413471650467,-5897.5434,-1.000047255535092,0,0.022127792109148094,0,0,1.0,0.3808196499979513,1,MLB
0x66675d1b23cd5f411eddc3ed949aff6a8e8ed3daa95438a5e8b3d9d3790aa996,2026-07-09|cincinnati reds|philadelphia phillies,1783642436,MLB,match winner,31273.968935099998,10.350573342052444,-31275.0842,-1.0000356611245065,0,0.9970307663932892,0,0,1.0,0.42061794566548893,1,MLB
0x40c13c16fbfec58b892ece91ee76768989d6ebf83ee84f1e94eabcaaef64b1a5,2026-07-10|b8|virtus pro,1783694933,Counter-Strike,series winner,72883.62108906,11.196632936743965,75761.0212,1.0394793791519217,1,0.6869005996126234,0,0,1.0,0.48987465863501894,1,Counter-Strike
0x96c7d1b3ea05427174f63bb539611b9fdfe3ca7b1186e71104531e9ab4ca56f6,2026-07-10|inner circle esports|magic,1783703854,Counter-Strike,single-game/map,6305.25877168,8.7492978750512,-6306.09,-1.0001318309604887,0,0.00884163346695219,0,0,1.0,0.6296843735534963,1,Counter-Strike
0x7e6a99d23ee6beff337091fc92ecac6f2d8810aa899eb70b7488b72d5abbb052,2026-07-10|belgium team to advance|spain,1783703956,Soccer,team to advance,27306.702224099998,10.214924074132007,9541.7208,0.34942779694498555,1,1.0,1,1,1.0,0.74107589053359,1,Soccer
0xccc07a8317079457585bc88e387b58d2bb94576ee2c9cea63b2f2adb7ed1a836,2026-07-11|england team to advance|norway,1783720238,Soccer,team to advance,22101.4208378,10.003442421678704,-22101.8429,-1.000019096609358,0,1.0,1,1,1.0,0.3665091234295039,1,Soccer
0x38b1f9f80a0ca11d8bf25f98ca1ea41243825151320fdadb49eda6dc9d56f4c3,2026-07-11|faze|parivision,1783776533,Counter-Strike,series winner,6110.181965149999,8.717875481108448,10884.775,1.7814158501469095,1,0.7439958786870388,0,0,1.0,0.3595874648026769,1,Counter-Strike
0x0891e4792a016a079765dd25029639cd731f7dc0bde3d65d6002b2b19dae2777,2026-07-12|argentina|switzerland team to advance,1783811855,Soccer,team to advance,36336.92989212,10.500617375333649,-36348.3646,-1.0003146855805911,0,1.0,1,1,1.0,0.25748410498762153,1,Soccer
0xc851fc5ae688d3d67bccb7c8f0ca475f61ebda796cfcddca7230042de6b48cfd,2026-07-11|conor mcgregor welterweight main card|ufc 329 max holloway,1783822306,Other sports,match winner,40958.26924657,10.620333418894331,-40965.3007,-1.0001716735975261,0,1.0,0,0,1.0,0.30295306359815893,1,Other
0x95f726bbb693b945f94473908298b2389989550b08a7bfd90f97ce7ba62cb719,0x95f726bbb693b945f94473908298b2389989550b08a7bfd90f97ce7ba62cb719,1783822402,Soccer,outright,22381.7169555,10.01604437554745,85739.0595,3.8307632819443196,1,0.2632007997356694,0,0,1.0,0.20703589648100315,0,Soccer
0x57cd3eb64816c65410c79578fd7674bf1a59d6bc4ed8ac3c1c6daf066b83e100,0x57cd3eb64816c65410c79578fd7674bf1a59d6bc4ed8ac3c1c6daf066b83e100,1783828877,Crypto 5m,short-horizon binary,9843.669113760001,9.19468538093604,4154.6666,0.4220648370019251,1,0.08360082797644611,0,0,1.0,0.7033507161400973,0,Other
0xc82bbd7ee41019601ea976f1f504582bc9fa6a9cdfbb0478caa675291ad19095,0xc82bbd7ee41019601ea976f1f504582bc9fa6a9cdfbb0478caa675291ad19095,1783829147,Crypto 5m,short-horizon binary,38993.11119676,10.571165918756027,-38996.7111,-1.000092321518584,0,0.01694974935986064,0,0,1.0,0.6499812343906033,0,Other
0x43babc98a93f45bb876a2d71208220aea630490d4367d0f5575a5d8e3d23a4c5,0x43babc98a93f45bb876a2d71208220aea630490d4367d0f5575a5d8e3d23a4c5,1783829438,Crypto 5m,short-horizon binary,24584.975423999997,10.109931454633521,-24584.9754,-0.9999999990237941,0,0.00865660411665364,0,0,1.0,0.4801512487965042,0,Other
0x5ab734f8e6547d4e66e3f10089abc60b9b1b1cbb58368d4428ace148c02df4cd,2026-07-12|9z|parivision,1783829872,Counter-Strike,series winner,153280.0684854,11.940028563988063,-130858.8831,-0.8537240646683583,0,0.8987479943612154,1,1,0.8393970717768373,0.5040744626348167,1,Counter-Strike
0xb96585ac41b808bac0bcfa00f39a92990c64dc413804368c7191ad4e1cd299a5,2026-07-12|alexander zverev|wimbledon atp jannik sinner,1783832717,Tennis,match winner,211910.19052824,12.26392255328311,-211963.3744,-1.0002509736394811,0,0.7310055156197641,1,0,1.0,0.2312416486277904,1,Tennis
0xa4807375ad750023e039c1a666413760e915ab367d2bfc57034bc5d631775d07,2026-07-12|1win|team yandex,1783865140,Dota 2,single-game/map,49799.9285868,10.815788909160188,-49807.1285,-1.0001445767776043,0,0.03616559476214138,0,0,1.0,0.2490742348725269,1,Dota 2
0x7596ba50d124202d21f9b3695ad1e5611fd2f5db2cc7696d40cf2c198e806f73,2026-07-12|og|virtus pro,1783866107,Dota 2,single-game/map,34408.78250885999,10.446096178192068,-34413.8225,-1.0001464739747392,0,0.1318067039703818,0,0,1.0,0.4779929366550535,1,Dota 2
0x98ba12b873b2f1ea91cacc2dde4c3b92cd28bf9cb27ec439845f5ca16086f34d,2026-07-12|chicago sky|dallas wings,1783902467,Basketball,match winner,182395.78656984,12.113939738977265,-182409.219,-1.0000736444103924,0,0.13192429223819732,0,0,1.0,0.6383336828235691,1,Basketball
0xe3a20caed4d81a0d90aa0cbd95f438948a39701cf5beb2811b659155f140a90e,2026-07-13|indiana fever|las vegas aces,1783903958,Basketball,match winner,326072.1752288,12.694877099052619,456883.9451,1.401174279220272,1,0.7490101982430677,1,0,1.0,0.4162832453292764,1,Basketball
0xce91b499a719d5ecf858b030288d21286cd6ee86ee65377a17e07029d3a59bba,2026-07-13|la clippers|nba summer league utah jazz,1783911158,Basketball,match winner,481699.99763314007,13.085078863683512,-481736.7772,-1.0000763536787225,0,0.22972800848941094,0,0,1.0,0.6954824651156403,1,Basketball
0x987571ff019aeb7c39c93d67ea5a888ae499cfaa8a53cb678b2ee0ef5f7d8512,0x987571ff019aeb7c39c93d67ea5a888ae499cfaa8a53cb678b2ee0ef5f7d8512,1783913737,Crypto 5m,short-horizon binary,144659.576311,11.882145424295516,-144654.5629,-0.9999653433866746,0,0.02807269380545695,0,0,1.0,0.6741326901594413,0,Other
0xbba7cef01d4e60d3849e04f1559c0e29516720e6b069ab67be772aec4db2511e,2026-07-13|honor of kings royal never give up|team we,1783914128,Other esports,series winner,1298.8321594899999,7.1699904270298465,-1299.0209,-1.0001453155502973,0,0.4004496555898436,1,1,1.0,0.385359843777737,1,Other
0xac6665937a4f62ef102ec3e77b9b0a762410348866eac4ddbb08cd11c0adb227,2026-07-13|shpageeza cricket league band e amir dragons|speen ghar tigers,1783914355,Cricket,match winner,164.23084071,5.107343530769546,-164.2648,-1.0002067777882229,0,0.015569430861072386,1,1,1.0,0.44019179180674906,1,Other
0xaa23528a8f30c7566c04c7bcd513440dc2d7645ae383f27a876dec5dc4881282,0xaa23528a8f30c7566c04c7bcd513440dc2d7645ae383f27a876dec5dc4881282,1783914518,Soccer,outright,434441.30436063005,12.98181842858907,403063.162,0.9277735748289186,1,0.9992545910843919,1,1,1.0,0.30502225549169326,0,Soccer
0xecba7b1db1c698ab73b3572abfcde327a02b5112676144e049edcc1e1e0f5b0b,2026-07-14|france|spain team to advance,1783916303,Soccer,team to advance,292600.0,12.586565185197317,407365.0,1.392224880382775,1,1.0,1,1,1.0,0.41805268464999995,1,Soccer
0x7a510da5a3d30f70f3f3f0dad8f8937d7461c1b7cb5ed9d1a8e82f29ef8fb038,2026-07-14|luka pavlovic|pozoblanco yanki erel,1784018951,Tennis,match winner,5.920999999999999,1.9345602678597262,4.0782,0.6887687890559028,1,1.0,0,0,1.0,0.59218,1,Tennis
0x4235e7294126f0b1aec8a690f60389555d858c2b9fe2f98761b83bf5735447c4,2026-07-14|cezar cretu|cordenons sumit nagal,1784019083,Tennis,match winner,237180.54400320002,12.376581135334852,59119.2379,0.24925837887951877,1,0.7631795016192467,0,0,1.0,0.7996548569388952,1,Tennis
0x92d768b7db8807e5d2da34fe25a98d4af242bb57a4643fa37eb75dd794ed16d0,2026-07-14|rune eaters|virtus pro,1784023231,Dota 2,series winner,25426.7728038,10.143597273133576,47035.177,1.8498288148062052,1,0.7590220263136639,1,0,1.0,0.3505874025773828,1,Dota 2
0x6ff76d2e68a529135151ae20b96bd0656dea282c1653623f0c2ccfba7ec66fc2,2026-07-14|lgd gaming|mouz,1784047933,Dota 2,series winner,63875.85089613,11.064712303933621,-63888.3045,-1.0001949657608513,0,0.9866542350425068,0,0,1.0,0.2821610231423036,1,Dota 2
0x776956c5185fb6e9115e4a52fb0a8386172cae91d6812b447795fb171f478a69,2026-07-15|argentina team to advance|england,1784065690,Soccer,team to advance,411659.22573632,12.927953593269057,-230250.08,-0.5593220450438344,0,0.9678459780030867,1,1,1.0,0.5536555569019598,1,Soccer
0xe5980b7812f875f48c0976e2855d1eca60488793d36edeb71640ce4ffd6d3186,2026-07-15|team liquid|team spirit,1784111437,Dota 2,series winner,29413.28829792,10.289235831796601,-29416.9748,-1.000125334578122,0,0.8128536152855527,1,1,1.0,0.33514843868802474,1,Dota 2
0x094b1336a84f9c76d798d8e0e5497c8d079950beb701ed55ecc117d6616890e0,2026-07-15|game handicap ts 1 5|team liquid 1 5,1784111572,Dota 2,match winner,44099.955277,10.694236722810306,33091.7943,0.7503815841114646,1,1.0,1,1,1.0,0.5713084085211101,1,Dota 2
0xf9abba1374af046e14e0df5c5a731446244a86dbb952683bf8bdd7bbaeb07c9d,2026-07-15|team liquid|team spirit,1784118308,Dota 2,single-game/map,45568.4375504,10.726992541640612,74915.9812,1.644032256255018,1,0.07732349637378273,0,0,1.0,0.3782358880944462,1,Dota 2
0xb7231ee7052f82b51c85f0de3995fba6031c26a832fbf456d62ee3d3f66db836,2026-07-15|aurora|rune eaters,1784121392,Dota 2,series winner,19999.999,9.903537501288667,-20009.4989,-1.0004749950237497,0,0.02744463076914936,0,0,1.0,0.2000965343048267,1,Dota 2
0x7446c13b91bf8ece3c07cb6127008ff534ab2853dd3cd31dce5a1452367b461a,2026-07-15|1win|vici gaming,1784136830,Dota 2,series winner,49484.93906747,10.809443848961283,-49493.189,-1.0001667160288659,0,0.009016878478537186,0,0,1.0,0.32996287912342787,1,Dota 2
0xde489a7e05fb1cf1fe6525db61c07f29ac24c85122874ef558c7c9546f1f8f54,2026-07-15|nba summer league cleveland cavaliers|new orleans pelicans,1784153512,Basketball,match winner,163676.42071644,12.005652822975028,294506.2096,1.7993197084277341,1,0.02299547751839021,0,0,1.0,0.35733887445571105,1,Basketball
0xc1bf3ab30348820b5912c0a4d389b0a379382c17a6043dfbd66c94f08e79dc77,2026-07-16|golden state valkyries|indiana fever,1784155205,Basketball,match winner,51019.52255806,10.839983233863265,-50174.5161,-0.9834375859339258,0,0.9176862285263474,1,1,1.0,0.6026210700068116,1,Basketball
0xcd650a073f42175fef95f32633394493a2db438a425e2be26f83997409f4aa5c,2026-07-17|betboom team|nigma galaxy,1784163520,Dota 2,series winner,26801.92535701,10.196266315654276,-9455.2267,-0.35278162199369756,0,0.9205550198845206,1,1,1.0,0.3410645401683935,1,Dota 2
0x6266a812b672fb0424235909307279a2d4f52ad291b00e4a85767c146d10a2c0,2026-07-16|team spirit|team yandex,1784206297,Dota 2,single-game/map,17918.18711625,9.793627323683637,-17918.4523,-1.0000147996975521,0,0.2546217359856833,0,0,1.0,0.5405110060125372,1,Dota 2
0xf9d5da40598baab5db5ab934a00cd8ff8892c7e70a05edc1e386db27b4bceb2e,2026-07-16|game handicap pari 1 5|rune eaters 1 5,1784209079,Dota 2,match winner,47779.93324104,10.774381952732586,-47791.3492,-1.0002389278968307,0,0.6927364289478903,1,1,1.0,0.3432950707291896,1,Dota 2
0xe24456ed10ef1f98147cc0bd7e7894ce03d9c3d972cd678cf007ab0328e73072,2026-07-16|parivision|rune eaters,1784210537,Dota 2,series winner,4282.783419560001,8.362591874631397,-4285.2463,-1.0005750653719145,0,0.6217193854285336,1,1,1.0,0.12527819348582664,1,Dota 2
0x19f32599479a7c9163d5b47c0baaa8e41b72c10ceed0051cd0700233e6560cc8,2026-07-16|parivision|rune eaters,1784212126,Dota 2,single-game/map,37158.201212,10.522966696787154,-37165.9556,-1.0002086857745283,0,0.9998403115972924,0,0,1.0,0.23485062780761823,1,Dota 2
0xf8f024fa7a052d22433bc823d1b5fa6351f126c914e85515cebced1a58cf872e,2026-07-16|parivision|rune eaters,1784216375,Dota 2,single-game/map,25769.09937276,10.156970159780226,-25769.9363,-1.0000324779390966,0,0.18555781362884902,0,0,1.0,0.2463100508823793,1,Dota 2
0x1d88092b2e151927cc5fc6a02ae3f84fb0551d2b44c6c5c961bd530d53638f9a,2026-07-16|iasi open alevtina ibragimova|paula badosa,1784218591,Tennis,match winner,101189.87566506,11.524763870358267,-101216.7827,-1.0002659063939268,0,0.7143894952933362,0,0,1.0,0.31598798320879046,1,Tennis
0xe3a8fbf2b785d9005e63041d337fab99f986340d9d04dea1615fce5dc3d71d26,2026-07-16|croatia open damir dzumhur|matteo arnaldi,1784227367,Tennis,match winner,243720.81559815002,12.403782753859343,-243734.5399,-1.0000563115703363,0,0.15970123701387032,0,0,1.0,0.6393903300325898,1,Tennis
0x4220a18459ff4cc9a189c305766a4fa4ca291751facacf0954c940e0f2c01918,2026-07-16|julia riera|rome danka kovinic,1784231596,Tennis,match winner,137054.84274259998,11.828143733019214,-137060.8461,-1.0000438025923044,0,0.3724835145301249,0,0,1.0,0.6164513482732965,1,Tennis
0xf5c66fd82a354ed384f53b3258c23badf7f754abbabd18e07c9e356a6f852b73,2026-07-16|alejandro davidovich fokina|croatia open alex molcan,1784233654,Tennis,match winner,353037.92385828,12.774333595724077,650666.2645,1.8430492038617272,1,0.6883967919987719,0,0,1.0,0.3493097264262693,1,Tennis
0x617ef1968fc10a403510e3685eb32396b7c6b200f4b325aa19f1958196ca3660,2026-07-16|fluxo w7m|imperial,1784234623,Counter-Strike,series winner,44468.34896406,10.702555443506865,-44469.6975,-1.0000303257478953,0,0.07456111883262852,0,0,1.0,0.49462713465074853,1,Counter-Strike
0x582f61a4eef869902e85f26991c9dcc20bb0ae02dda7e442e65e1b14ca76c4b6,2026-07-16|la lakers|nba summer league chicago bulls,1784239613,Basketball,match winner,283342.50554403994,12.554415241074071,94825.5692,0.3346676454982546,1,0.06380102044566995,0,0,1.0,0.7492589159442111,1,Basketball
0x81c8c8832a5f4b62656cf233c9082ac647f26b27083ab3d9771e881e9d04d1af,2026-07-17|bunschoten tom gentzsch|max houkes,1784312010,Tennis,match winner,15179.891312,9.627792765431426,1159.0206,0.07635236486072675,1,0.8721587154794058,0,0,1.0,0.9280963518336242,1,Tennis
0x6004d2c3eed914c555d1e37a79e8cce28445bc0564af72bc0be4d18b3ad07923,2026-07-17|boston red sox|tampa bay rays,1784312490,MLB,match winner,88.62223799,4.495603481039061,20.6931,0.23349782706158898,1,0.09147809389348213,0,0,1.0,0.8107039305246557,1,MLB
0xe0d01461d31c98ada3371b52b551bac52ff92f088f24b3f679b64c1d2140898e,2026-07-17|3dmax|k27,1784313654,Counter-Strike,series winner,15599.99441,9.65508993543682,8372.829,0.5367200000169744,1,0.6093932734488633,0,0,1.0,0.6500826859087062,1,Counter-Strike
0xb6b9b1e23c589ba25651bd62a45b4799239713440673e09e0a8efd39d9235b5f,2026-07-17|natus vincere|team vitality,1784316607,Valorant,series winner,24616.13170348,10.11119789024961,-24619.79,-1.000148613785629,0,0.06962014095455905,0,0,1.0,0.6528119146327643,1,Other
0x13bc18a3dc17580ecccb67db238c53f34ca0414c9a10334a49801993701e6504,2026-07-17|alex molcan|croatia open damir dzumhur,1784323527,Tennis,match winner,44290.74923595,10.698553691191524,14720.1017,0.33235160736571956,1,0.5786162462283966,0,0,1.0,0.7497883372159015,1,Tennis
0xead4f20a84556c6eeffc5a6275ff8fe2a74cfc433a7381c46d2e1091649c71e5,2026-07-17|izan almazan valiente|pozoblanco akira santillan,1784325552,Tennis,match winner,59009.50603612,10.985470775444373,5740.3161,0.09727781989034656,1,0.998112227238984,0,0,1.0,0.910402609372253,1,Tennis
0x5a3d9a107c0e19086f4b306b8c7d25417145c21b7849e255534de555bd8d29a6,2026-07-17|alexis galarneau|granby aleksandar vukic,1784326708,Tennis,match winner,64857.201262810006,11.079958646865128,38758.1619,0.5975922664770373,1,0.465510873272604,0,0,1.0,0.6259776185237419,1,Tennis
0xdba8fd30b44e1f50cb75d4727eeff77b162031b55c4a08278519701ba1d9e9a6,2026-07-17|los angeles dodgers|new york yankees,1784339199,MLB,match winner,275.1324,5.62088046083795,-275.2419,-1.000397990203989,0,1.0,0,0,1.0,0.13565499753573187,1,MLB
0x55c9cf447f39ab5cc7e72cc7be3bd03e2b58988460ba624fe42245052fcf5004,2026-07-18|chicago cubs|minnesota twins,1784340054,MLB,match winner,374.59999999999997,5.928524747334108,-374.76,-1.000427122263748,0,1.0,0,0,1.0,0.18738,1,MLB
0x4614aa65f435bda1010526fd5fb99679f574853d43e57e001b9009d362376c3b,2026-07-18|betboom team|vici gaming,1784340181,Dota 2,series winner,21920.84685288,9.99523899174999,-21924.4335,-1.0001636180912201,0,0.9476628227552354,1,1,1.0,0.31175369258935276,1,Dota 2
0x0443744d800c28f5bb5eb9f1194e9420d46700768de3cd4e52695a1c924cbd86,2026-07-18|croatia open daniel merida aguilar|damir dzumhur,1784401075,Tennis,match winner,63503.9839728,11.05887366956141,20400.6548,0.3212499991927751,1,0.7814370725205674,0,0,1.0,0.7560890370748032,1,Tennis
0xaeec5397b4ee2ce20555c0099f0dcf4de4648a2f080c2d10b65ceaff9c26d7a8,2026-07-18|england team to win|france,1784402047,Soccer,match winner,145130.0649414,11.885392509282177,-144861.1184,-0.9981468585333536,0,0.9984100738910173,1,1,1.0,0.5852683724249153,1,Soccer
0x4b045e092c3166aa29d4864c11dffe7e316daafdac5677f11aa5cd16065fd042,2026-07-19|argentina team to advance|spain,1784410467,Soccer,team to advance,83236.800245,11.329456853500524,-4662.6264,-0.05601640604006858,1,1.0,1,1,1.0,0.609524687383092,1,Soccer
0x7976b8dbacf9077eb1453a62bcefd6ab2df199acd28aad276ff0d920d6992892,0x7976b8dbacf9077eb1453a62bcefd6ab2df199acd28aad276ff0d920d6992892,1784413443,Soccer,outright,517567.19200800004,13.156896567436629,199767.817,0.3859746523441003,1,1.0,0,0,1.0,0.6035777214638701,0,Soccer
0x6bc127390c4644267ced3fbf129d19ac2eef532bda2fe21dae841b6c11ea8f59,2026-07-19|betboom team|parivision,1784471421,Dota 2,series winner,200190.4441248,12.20702940831066,-200203.4305,-1.0000648701053476,0,0.18902684358804936,0,0,1.0,0.40396634796193265,1,Dota 2
0x0c4cd2055d6ea89354ffddc55d6dbcef9355748112ea952fc925f3db6a5c457f,0x0c4cd2055d6ea89354ffddc55d6dbcef9355748112ea952fc925f3db6a5c457f,1784484877,Soccer,outright,261834.61823638,12.475472174526866,176610.4489,0.6745114534112482,1,0.7096958660717886,0,0,1.0,0.5971633265794329,0,Soccer
0x9f564d4d2bb96df6e0da2f61e969a46d98ab027e85509ab59d51417bcb6ccd2f,2026-07-19|detroit tigers|los angeles angels,1784499997,MLB,match winner,124864.52538610001,11.734992640288386,17167.9845,0.13749289036989484,1,0.8009684556682918,0,0,1.0,0.8791337339205052,1,MLB
0x610a5db5ba9f6767421958082686313a217b919a38aafbdc1ffb6dd1b0416222,2026-07-19|los angeles dodgers|new york yankees,1784506651,MLB,match winner,13268.144129369999,9.493196628589887,-13270.1416,-1.000150546346989,0,0.44679392525824113,0,0,1.0,0.4251661761894916,1,MLB
0xe1d8c9f6eac493fb6007c955985d77b7cc2e5cccba2d0e9d2ba82b5fe238516f,2026-07-19|connecticut sun|phoenix mercury,1784508790,Basketball,match winner,58250.59861404,10.972526815069221,5533.9982,0.09500328463004248,1,0.6772417438215342,0,0,1.0,0.9132602852236794,1,Basketball
0x76f8d0515c0d4cc982a833112c2ec3febe7b2cc055dfa800bac2524362541fa2,2026-07-19|fluxo w7m|imperial,1784514615,Counter-Strike,series winner,21087.37932173,9.956477424703529,31531.6638,1.4952860343109318,1,0.7149565622832844,0,0,1.0,0.4003908355356915,1,Counter-Strike
0xb1b7e274700ba49508121b63bda92a8a2838cea68caddcb1636750769e82523d,2026-07-20|generali open vit kopriva|ignacio buse,1784559150,Tennis,match winner,5005.4531099999995,8.51848298127957,2145.1084,0.42855428926393446,1,0.017679251771202626,0,0,1.0,0.7000124612493304,1,Tennis
0x0a549d2fe4a227122995cc50800acf7ac0d51608867895113bed7b3146ef9516,2026-07-20|atlanta braves|san diego padres,1784593186,MLB,match winner,7270.5933584800005,8.89173071549292,4734.9379,0.6512450451485423,1,0.28806274715181535,0,0,1.0,0.6056069018722765,1,MLB
0x0da724bc3d518800946ef18c4b39fee4bc65d8e54dafd7b83fce1cbe4a4daa9c,2026-07-21|chicago cubs|detroit tigers,1784604724,MLB,match winner,6050.68695672,8.708092347978893,-6050.7505,-1.000010501829041,0,0.5533460449246886,0,0,1.0,0.6664128438284549,1,MLB
0x08729c6fb825e149d823b63fd2c2783070918f925d0b70ad22a4851779fce0c9,2026-07-21|minnesota lynx|seattle storm,1784606119,Basketball,match winner,4997.32,8.51685713495559,-4997.7897,-1.0000939903788433,0,0.020406985134940204,0,0,1.0,0.5000519328898342,1,Basketball
0x6bf385d26766016f841d387631d660297a41cb93fc4317c8a826e596277d96b3,2026-07-21|hanwha life esports|lol gen g,1784610586,League of Legends,series winner,19760.49490576,9.891490621565811,16205.9462,0.8201184371792287,1,0.9538215752302978,1,0,1.0,0.5488713210143251,1,League of Legends
0xdbca6b112a1c0c759ee3c8cb04aed49b641b6ed152ada9a5ea3ac374280a4852,2026-07-21|m80|nip,1784629468,Counter-Strike,single-game/map,13667.96751178,9.52288339736879,6610.3796,0.4836402774811045,1,0.7249520770758678,0,0,1.0,0.6733739478163833,1,Counter-Strike
0xf6ef7c5dc55dd13c111930a1a966dda70392dea8385d8f086a2e6392a59ade8e,2026-07-21|m80|nip,1784634204,Counter-Strike,series winner,20233.248779999998,9.915131931837033,3603.511,0.1780984872563802,1,0.10815260377191806,0,0,1.0,0.8488386618129647,1,Counter-Strike
0xfff9a230b1dbdcfa344b5e701dc82695c361ed8f5f4c7b9b908d893fd5e819c5,2026-07-21|heroic|hotu,1784648622,Counter-Strike,series winner,20622.1123116,9.934167682728217,-20622.9776,-1.000041959251648,0,0.10582428283609477,0,0,1.0,0.8103357407928291,1,Counter-Strike
0x28e50db8ca47ab2c944ec3b36e37847b23c41dddc1aa546ebffb3a2e1d8d596d,2026-07-21|spirit academy|team lynx,1784651187,Dota 2,series winner,27233.856771659997,10.212252930823222,-26754.7527,-0.9824077773604744,0,0.2770655082476302,0,0,1.0,0.7623718962286199,1,Dota 2
0x9aede26e053f76d2f03d1683c89d37651cd05fa9f0e58da871f0e17cb0b6bd02,2026-07-21|los angeles dodgers|philadelphia phillies,1784676990,MLB,match winner,205351.7431042,12.232484477484917,92934.5097,0.45256255581352905,1,0.7817249048043241,0,0,1.0,0.5509375933526075,1,MLB
0x9bb9a841d4c976b86213d73dfed1fbe14acf120999326f48c9c7c9e2bf097e09,2026-07-21|atlanta braves|san diego padres,1784677311,MLB,match winner,62470.09316975,11.042459219450084,-62105.8087,-0.9941686581327784,0,0.9582942048432891,0,0,0.9958985454240564,0.5325662586470391,1,MLB
0x4a11ea5960d505a7a74cfa13277e8e1fc803d2bb9e0c6e5fdcb3a64ed66f0cf1,2026-07-22|colorado rockies|washington nationals,1784687478,MLB,match winner,210477.31992252,12.25713793355822,74160.0924,0.3523424396856606,1,0.3696612276710958,0,0,1.0,0.739488763173564,1,MLB
0xeae673a62a65f2c121e10f15b4a36155554a989bbca0521fee7f68c76740d412,2026-07-22|astralis|hotu,1784721373,Counter-Strike,single-game/map,1616.70153218,7.388761613470021,1889.2944,1.168610508739006,1,0.7250921011256142,0,0,1.0,0.4606889620784598,1,Counter-Strike
0x20f8844b7d2846b72f2ca0dc6c559068ed8e11fab9bef980fa5d37a90ca7809c,2026-07-22|g2|nemiga,1784725696,Counter-Strike,single-game/map,1289.87805408,7.163077927887869,-1289.8937,-1.0000121297668028,0,0.7024974115689604,0,0,1.0,0.24640677645626438,1,Counter-Strike
0x80caefc0951fd4ec43f3206de1e8b14a9a93c9eceaa8eb8abdead387137e7870,2026-07-22|g2|nemiga,1784725848,Counter-Strike,series winner,2216.2788431999998,7.704035976718575,-2216.7725,-1.0002227412861495,0,1.0,0,0,1.0,0.4220949975420527,1,Counter-Strike
0x6a726539729eafa66a1729f8c34c32dc85d75a412a64f76e1069a3a69b591d49,2026-07-22|gamerlegion|hotu,1784736532,Counter-Strike,series winner,6122.7543643,8.719930645636753,4454.5738,0.7275440977958098,1,0.8856404633557827,0,0,1.0,0.5783738367158049,1,Counter-Strike
0x1a4a9feb8bc301d949b0fa9ec28c4e99f9f99252656b9b32ea81bf0dfdc8aa7f,2026-07-23|odi series sri lanka|pakistan women sri lanka vs pakistan,1784789460,Cricket,match winner,5093.388279999999,8.535894875642036,3119.5568,0.6124718219990093,1,0.6409841803439937,0,0,1.0,0.5296200133979292,1,Other
0xa14e6806b2389ec9fcd9907b7dd444fa59706cd905acb56acb835818d180585c,2026-07-23|aurora gaming|fokus,1784800543,Counter-Strike,series winner,8213.07467,9.013604385052249,-8213.2589,-1.000022431307081,0,1.0,1,1,1.0,0.8467199997938165,1,Counter-Strike
0xf2cbc9bba96d1770ce3f4fb610c0e61bdd6221abe1cd5426177adc5875ab6adc,2026-07-23|fut esports|sinners,1784811762,Counter-Strike,single-game/map,12884.1033878,9.463827146942517,31866.0253,2.4732823341183403,1,0.9758721497297277,0,0,1.0,0.28763740417267825,1,Counter-Strike
0x2f5bb28b0601965befb1a8ff21b1c1504666f8004516e8d913ded94e17524cf7,2026-07-24|liquid|vitality,1784872261,Counter-Strike,series winner,719.20853888,6.579540807406639,1860.3459,2.586657136881406,1,1.0,1,0,1.0,0.2788410650559754,1,Counter-Strike
0x5f96cdac496211ab1ab5a8e8e4b9619890f512d162cf60f84172e5ddbe23a5c5,2026-07-24|liquid 1 5|map handicap vit 1 5,1784872279,Counter-Strike,match winner,64563.863661179996,11.075425635626388,92011.7459,1.4251276284031227,1,0.5072200924203469,1,0,1.0,0.4121400910034519,1,Counter-Strike
0xa64d754e0dd6c4c90264bb8d585336867576a622eceee041bcbefcebae19a56c,2026-07-24|1win|eternal fire,1784882889,Counter-Strike,series winner,23184.25535736,10.051271810668727,-23186.0298,-1.0000765365379498,0,0.1100464519262691,0,0,1.0,0.3789492436275025,1,Counter-Strike
0x5e450b255de6f48f19c1259ee4677b2b41af1f61c98e09d9067c1341520201fb,2026-07-24|1win|eternal fire,1784884797,Counter-Strike,single-game/map,1178.16398235,7.072560976828496,-1178.2175,-1.000045424618985,0,0.13883165498742583,0,0,1.0,0.46172428788548636,1,Counter-Strike
0x80443cb54be399626610e223765f2e72104adb90f6c0dfb015baae857f110062,2026-07-24|heroic|themongolz,1784903649,Counter-Strike,series winner,43075.95606248,10.670743470985645,-43082.886,-1.0001608771610304,0,0.1747495076199365,0,0,1.0,0.39169074905955187,1,Counter-Strike
0xd1040f9aaaf249129e654c1c56a6b8cd9acf06e69cfe668e5eda6a1afa957fa2,2026-07-25|los angeles angels|san francisco giants,1784954599,MLB,match winner,2931.8471160000004,7.983728942150068,-2931.9444,-1.0000331818120627,0,1.0,0,0,1.0,0.5723199991411149,1,MLB
0x26e6f03f0a7bdbfe7c167ea866aa08a368f6bcf7c6bd027b662db228fb782bab,2026-07-25|lol lgd gaming|team we,1784958394,League of Legends,series winner,9880.367521580001,9.198406194279087,5742.9069,0.5812442591286962,1,1.0,1,0,1.0,0.6317799988911112,1,League of Legends
0x698a9ace59824b189429bac532bf837227899538aab66e382ffb777ab6a66a4b,2026-07-25|dendele cs|faze,1784974909,Counter-Strike,series winner,15623.399996360002,9.656589073634334,2038.5212,0.13047871785110426,1,0.9990747072446592,0,0,1.0,0.8836616651930348,1,Counter-Strike
0x1f53db7b407eaf98210b747d842b1aecd55d8d7f7a75f08d2d3f7031d0c493bf,2026-07-25|g2|liquid,1784984038,Counter-Strike,single-game/map,17655.31850116,9.778848987033042,17704.4691,1.0027838976021175,1,0.3895311074499502,1,1,1.0,0.4993162390854855,1,Counter-Strike
0x0a391e981af1f4d5f0897a5ad85e5d24d6cc8759b0b53315f0e49b6518a2cdd4,2026-07-26|nip|pain,1785046338,Counter-Strike,series winner,573.6064696,6.353685405792628,444.1273,0.774271776100623,1,1.0,1,0,1.0,0.5630356009741725,1,Counter-Strike
0x6e86a81ebef46b5fd3e52fe437ef4fa1bf5fa80e79bd15ae2563dcd416660bed,2026-07-26|3dmax|fut esports,1785067563,Counter-Strike,series winner,1018.6336722,6.92719869686838,-1018.7248,-1.0000894608164712,0,1.0,1,1,1.0,0.7492683306882849,1,Counter-Strike
0xbade986264d1e1b701ef5ca00292a71b41f06ae96e98d0baf799d539b6ec66ed,2026-07-26|themongolz|wildcard,1785076581,Counter-Strike,single-game/map,5242.5169000000005,8.564747716307313,3342.749,0.637622932603231,1,0.6208825357364822,0,0,1.0,0.6099999999999999,1,Counter-Strike
0x5b0819eb087fd3b8e49d79a7a95fbe2e5b998b9951354e90ebeb6feff61ad74f,2026-07-26|themongolz|wildcard,1785079012,Counter-Strike,single-game/map,8709.96781473,9.07233817902731,4526.7848,0.5197246300203838,1,0.8533310581903768,0,0,1.0,0.6573371447440979,1,Counter-Strike
0x2e97cbf73d9bcacc518bef9c09f08b404bbafe3a335bd44ff32ca2ecb7cd2f9c,2026-07-26|100 thieves|spirit,1785083566,Counter-Strike,series winner,2288.11158345,7.735919066449015,886.5466,0.3874577649151492,1,1.0,1,0,0.8962223287448841,0.690707672621849,1,Counter-Strike
0xab4fa059b04e7221cf2569e9545e341d36ffa2297fc258a90b7863f546e116c8,2026-07-26|100 thieves 1 5|map handicap ts 1 5,1785083850,Counter-Strike,match winner,204.8840178,5.327312989845737,47.1408,0.23008529657992677,0,1.0,1,0,1.0,0.6020949695383411,1,Counter-Strike
0x7d0334c303904f270732a09e1f4fcd1792a9adac484132c8913ca373f7950c1f,2026-07-26|100 thieves|spirit,1785083970,Counter-Strike,single-game/map,186.5418828,5.2340021953993325,72.1758,0.38691471811390976,1,1.0,1,0,1.0,0.720294960642333,1,Counter-Strike
0x27ceebf061b2190aae38994b257b599a1bd4af26025a09f8609026c538741fe6,2026-07-26|100 thieves|spirit,1785087802,Counter-Strike,single-game/map,511.17934589999993,6.238674848664991,1539.5531,3.011767029220263,1,1.0,0,0,1.0,0.24902129439267165,1,Counter-Strike
0x767c56d31b5cfec62f94c2739017230dee8590b3585188e2dcc8e4c638f224c0,2026-07-28|lola radivojevic|targu mures margaux rouvroy,1785240940,Tennis,match winner,1994.4922476000002,7.5986460395401245,1040.107,0.5214896178471363,1,1.0,0,0,1.0,0.6572776416146229,1,Tennis
0x5428aa81f6377d5fe8c8df2ef7b861c9f1ef67b23b77e725acf499b44217f3e6,2026-07-28|cincinnati reds|cleveland guardians,1785265253,MLB,match winner,1800.59918388,7.496429984947933,-1800.8779,-1.0001547907621502,0,1.0,0,0,1.0,0.34235437100552696,1,MLB
0x793a4fcd1efe03b1ae06471fe923cb5da78257d19544ea427fced74a0c1ebfe6,2026-07-28|bestia|imperial,1785273986,Counter-Strike,single-game/map,11995.230651299998,9.39234776703484,5875.1584,0.4897911987514198,1,0.6194840578232865,0,0,1.0,0.6705475490298268,1,Counter-Strike
0x1bbe9d0a0a43cce8ea26832e908b46829da3c765c96e1bdc63cc98151b152666,2026-07-28|bestia|imperial,1785276604,Counter-Strike,series winner,17663.982892,9.779339591324053,4409.2409,0.24961759343624254,1,0.032254016632796485,0,0,1.0,0.8002580321330623,1,Counter-Strike
0xa2ef637747cfa2f0168252a1e364801971fb0660a94c6ab21da6b65fe5993c48,2026-07-29|los cabos open michael zheng|martin landaluce,1785310160,Tennis,match winner,2870.44063735,7.9625691470452145,1400.1523,0.48778305385636717,1,0.028225767273260902,0,0,1.0,0.6721622995893406,1,Tennis
0x55def4d77b4f051b6a526f3fc12880ab075ff6766a80d0b88c609686fcaf23e0,2026-07-29|baltimore orioles|detroit tigers,1785357794,MLB,match winner,3486.1348080000002,8.156835706094698,-3487.1388,-1.0002879957475241,0,0.4363166131525038,0,0,1.0,0.21186272597809416,1,MLB
0xeb24a4ebd21a1351b50151b8213cea02ea0e822f5aee2c4d5d72c452235db1b0,2026-07-29|milwaukee brewers|san francisco giants,1785357956,MLB,match winner,6982.490555599999,8.85130415035714,-6983.0928,-1.0000862506572985,0,0.3047304173240928,0,0,1.0,0.3826356644807662,1,MLB
0x2829fabcda2d6ac528f89c9c27da42ae945bab30b4723118400c5b24234cd145,2026-07-29|elvina kalieva|the memphis classic zeynep sonmez,1785362585,Tennis,match winner,26031.66261309,10.16710728292598,-26032.0433,-1.0000146239952346,0,0.4282971654269529,0,0,1.0,0.6837173418364033,1,Tennis
0x0ec121d774f023f80b324ead4ea9e24dc52ec3e8a2134dcd0dfa48ec2d9528fa,2026-07-29|cincinnati reds|cleveland guardians,1785367724,MLB,match winner,62348.21662512,11.040506386877208,-62352.1207,-1.00006261726624,0,0.052202094599289046,0,0,1.0,0.47914236956253053,1,MLB
0x4ce50471918585278e00ccfd154fb675dfd6b759ebec4d1c7784a8827362f3db,2026-07-30|los angeles dodgers|seattle mariners,1785374400,MLB,match winner,252241.64405643,12.438146776468278,141669.7486,0.5616429798098941,1,0.9981013267688367,1,1,1.0,0.6403876383344868,1,MLB
0xe299795d6454fc63c76d4e790f10f6fce6408abd7eab1bdbf5602f112e0b55d0,2026-07-30|lgd gaming|mouz,1785413627,Dota 2,single-game/map,3892.22304471,8.266992639755513,9054.2336,2.326237087647326,1,0.8565903733473568,0,0,1.0,0.30038841338315064,1,Dota 2
0x4db461742ae962361380960b9de40bd6b1a2b4225dab689be7e0992c1bb724a4,2026-07-30|liquid|spirit,1785418736,Counter-Strike,single-game/map,5948.83340688,8.691118499304004,-5949.5279,-1.0001167444223933,0,0.3954401240926528,0,0,1.0,0.14562675980282888,1,Counter-Strike
0xfb1ebd3247993c63bb246b7d838be1de15a8fcb4de4c31fdfd649dd7c4dd48b8,2026-07-30|liquid|spirit,1785418998,Counter-Strike,single-game/map,7046.44301124,8.860420136576005,-7046.8932,-1.00006388879599,0,0.9993409294145361,0,0,1.0,0.37562681052813596,1,Counter-Strike
0x3337a185df1ed71336101799a7009a05398cb8d0959f8409df10bd47ee07bc4e,2026-07-30|nigma galaxy|vici gaming,1785422903,Dota 2,single-game/map,19199.333671,9.862682936562782,-19201.4074,-1.000108010467214,0,0.5009043176324257,0,0,1.0,0.5740658408445601,1,Dota 2
0x53214b0187ba8b1e73784ba3d1ac68e00d935ee146154ff7dc9af7f40856331e,2026-07-30|3dmax|mouz,1785427194,Counter-Strike,single-game/map,41339.97635352,10.629609450603699,-41348.1763,-1.0001983539228438,0,0.2904238878444617,0,0,1.0,0.4134930498257939,1,Counter-Strike
0x13bc02d2e47bebf2269d4bfafc17f0beeda63ec59feefa7bef245fa0a514330c,2026-07-30|3dmax|mouz,1785428576,Counter-Strike,single-game/map,5633.07832565,8.636588850655976,-5633.8448,-1.0001360666949206,0,0.6866092856106217,0,0,1.0,0.2719426183535012,1,Counter-Strike
0x6ff9eb5e11ac9db9e27d29d5c33626576a264a6b20f81e570b2c6578192609d7,2026-07-30|3dmax|mouz,1785428777,Counter-Strike,series winner,67432.19175007,11.118892634882013,-67443.7535,-1.0001714574245617,0,0.4540728031301442,0,0,1.0,0.3792030462550947,1,Counter-Strike
0x57b870ef0a2d042fd9cd5d8a50cbaf692d858cbf95fa50b2ab09a8dffc2dab10,2026-07-30|chicago cubs|st louis cardinals,1785436920,MLB,match winner,186454.33393392,12.135946993049313,203251.9304,1.0900896005562046,1,0.2742268097937161,0,0,1.0,0.47842929734165107,1,MLB
0xee8c38169f30a6f17ad1ad0176e61e37ad79c53443ea3398517e4ccdc68bd027,2026-07-30|chicago white sox|new york yankees,1785446568,MLB,match winner,29706.9112704,10.299168662060612,5995.9401,0.20183653714192634,1,0.799297371072821,0,0,1.0,0.8320790100712181,1,MLB
0xf259fc8f9d03c6739e6e5d1f0c7b36aa9f8c901025f89693255ef0e15e28e016,2026-07-30|bestia|galorys,1785449523,Counter-Strike,single-game/map,4680.925817400001,8.45146480371346,1772.8723,0.3787439427922261,1,0.6080390371053697,0,0,1.0,0.7245561574886833,1,Counter-Strike
0x800d3369a799c44bac4e5436902cc44874d7d611a9abe91591705bf5e8f97f45,2026-07-30|bestia|galorys,1785450932,Counter-Strike,single-game/map,16165.31640668,9.690685122456577,4012.3045,0.24820451385300407,1,0.7123758300490921,0,0,0.9988525393023512,0.8000453748046302,1,Counter-Strike
0xfff827cec867df575adcbd27f03295418e42e5407a08e7770bfda66144be25de,2026-07-30|atlanta braves|washington nationals,1785458751,MLB,match winner,21150.662027759998,9.959473764259766,6241.8996,0.2951160390066079,1,1.0,0,0,1.0,0.771329488611299,1,MLB
0x95025db6f7a9dbec422e3037df0a02ba6d82fd72f855deaeda7f16519e6fcbdd,2026-07-30|bestia|galorys,1785462077,Counter-Strike,series winner,20694.5631284,9.937674614655823,-19208.105099999997,-0.9281715676152604,0,0.12858637815539145,0,0,0.9599181150692487,0.3147989221280216,1,Counter-Strike
0x5ee7f9810c26a8d6800dde1fe536cb082110ab9b7e40e0bac87fdc1246d12d4a,2026-07-31|los angeles dodgers|seattle mariners,1785463196,MLB,match winner,94230.97362107999,11.453514825702678,53649.8399,0.5693440048251632,1,0.981566416418125,1,0,1.0,0.637216671099854,1,MLB
0x67f0269e652c23d15da2bb9b2866a2ac3a2c96c800e86693ee80f4c04448d725,2026-07-31|l1ga team|rekonix,1785510731,Dota 2,series winner,48264.01414377,10.7844622323267,-48264.5701,-1.0000115190632164,0,0.18688816658200763,0,0,1.0,0.6077115314983855,1,Dota 2
0x0a54a4fb700e568ebc95465a260bbff9905b60ecda59681a049fe68f9a55a07c,2026-07-31|astralis|pain,1785514100,Counter-Strike,series winner,160490.44266624,11.985995903409574,-160502.4915,-1.000075075085842,0,0.9996471310406395,1,1,1.0,0.3996335025976384,1,Counter-Strike
0x07d64e803045e2d8244048597e166c6a46cf01d2fa1413303cc3a1e49b95f032,2026-07-31|chicago cubs|new york yankees,1785526572,MLB,match winner,181119.8520898,12.106919778545297,49553.0653,0.2735926776013011,1,0.27552586496386205,0,0,1.0,0.7220542470357754,1,MLB
0xe9f3726146fefbba0a854f24ea822dbbcea0084bc7f439a1f882c28173a5745e,2026-07-31|lgd gaming|xtreme gaming,1785530127,Dota 2,series winner,228129.76568063998,12.33767427721601,181115.6954,0.7939152300429957,1,0.6622722901618918,0,0,1.0,0.5569318461950571,1,Dota 2
0x766bd9969946db798f6866fb793ed8c7f6550f6c764dbb0d6bec3335c059dfc4,2026-07-31|liudmila samsonova|mubadala citi dc open diana shnaider,1785532965,Tennis,match winner,411731.04601640004,12.928128043000312,104117.7586,0.25287808536024947,1,0.3967965281809614,0,0,1.0,0.7982051777856444,1,Tennis
0xf26b46b3b66c819b5108e1078a1a5e81300c0aa5eb8dc7595d576ea123ebb767,2026-07-31|cincinnati reds|pittsburgh pirates,1785543174,MLB,match winner,93438.55245455999,11.445070008394762,39585.0086,0.4236474941031492,1,0.9738810600668296,0,0,1.0,0.7024401872369365,1,MLB
0xd22957f0cc836227e85e99db33efd0d227b6317897e3a14184bda432533bf174,2026-07-31|elina svitolina|mubadala citi dc open alexandra eala,1785545090,Tennis,match winner,73013.798154,11.198417414025089,16390.6937,0.2244876189761955,1,0.9980903562383054,0,0,1.0,0.8158194826056818,1,Tennis
0x5e08ecbac37a8a72dfafb83a8d8df19a11f8a42601c042daa6a747246f400ce5,2026-08-02|boston red sox|los angeles dodgers,1785548151,MLB,match winner,189993.11051551998,12.15474835337546,579635.4928,3.0508237442254584,1,0.2183337893487286,1,0,0.977230018549355,0.2425799183798978,1,MLB
0x8f2d8e1ce8defdb2a11aca926332f083de0359aa403fe2c0f9c630d329a8c54a,2026-08-01|boston red sox|los angeles dodgers,1785551429,MLB,match winner,4045.8273620500004,8.305688485712949,-4045.9456,-1.000029224665172,0,0.14367204145079354,0,0,1.0,0.5815363105996385,1,MLB
0x6e17648a951823c003a4e9e98d6c750f693c3c1b3c91e32e62075a3f4214b1e2,2026-08-01|faze|spirit,1785585818,Counter-Strike,single-game/map,2243.19612605,7.716102663023947,6425.0083,2.8642204867363383,1,1.0,0,0,1.0,0.25854971710488195,1,Counter-Strike
0x5fa136d6393dccfe36567fee5cc0d687f37c8248411bf76c9b026ef6d5520491,2026-08-01|faze|spirit,1785587609,Counter-Strike,series winner,6974.74921932,8.850195015877265,-6975.4478,-1.0001001585373228,0,1.0,0,0,1.0,0.3594375468555516,1,Counter-Strike
0x2c8ceb3ad6b8a7e5fceade09a5aed62544f9f8ce83ec1f4780eea10b8b7a7339,2026-08-01|astralis|mouz,1785593610,Counter-Strike,single-game/map,18770.640051879996,9.840102501995759,21300.6447,1.1347852093017259,1,0.9112753778956857,0,0,1.0,0.4680019604329527,1,Counter-Strike
0xf5ebd0eb13dfe4cdc449bf11bb3ffd4761acf40e472fd7543ade161505317754,2026-08-01|astralis|mouz,1785596849,Counter-Strike,single-game/map,40069.5969065,10.598398100112698,17727.5418,0.4424187705547963,1,0.9064811945517441,0,0,1.0,0.6925880559204998,1,Counter-Strike
0xed79e91f0004bee19c946bf949e9640460fa5a7e38bd8a8cbf2d1df3954e8936,0xed79e91f0004bee19c946bf949e9640460fa5a7e38bd8a8cbf2d1df3954e8936,1785600717,Crypto 5m,short-horizon binary,7599.53754,8.935974252720618,-7599.5375,-0.9999999947365218,0,0.009543391092387743,0,0,1.0,0.7600686493492922,0,Other
0xf533732b78d2c64a29a1a70f375ffd1f39d32b2024127798ccb4411e77743e11,2026-08-01|astralis|mouz,1785600984,Counter-Strike,series winner,50198.54434923,10.823761228930062,24233.8931,0.4827608731322052,1,0.964477006779155,0,0,1.0,0.6737227609998299,1,Counter-Strike
0xd304b890543023685a46aacbe824e43675f371af7c1091ecf5f3f04c9b59bae4,2026-08-01|og|team falcons,1785610359,Dota 2,single-game/map,74424.20083905,11.217549884423164,-74431.4683,-1.0000976491634181,0,0.026901430632985158,0,0,1.0,0.7783833823015921,1,Dota 2
0x78bdd0292451fd2041616eb96114f931c661f262a51c3c1306913b7d33ca6e1f,2026-08-01|st louis cardinals|toronto blue jays,1785614610,MLB,match winner,55779.282647680004,10.929175728355448,-55790.1238,-1.0001943580448762,0,0.9995669923195605,0,0,1.0,0.26245402668497186,1,MLB
0x963cca7014d3df9b5ec4d386ff552c6af81d90c29984802bb5a4b7020b7e27a9,2026-08-01|gamerlegion|team liquid,1785614654,Dota 2,single-game/map,75771.92418812,11.23549630713467,-75781.6141,-1.0001278826159403,0,0.1328783653876966,0,0,1.0,0.39886052383287357,1,Dota 2
0xe2d87eb5e64cbfeb3c918bb8330a19f4e9a8f8ba118372e674ee2dc67389b0a9,2026-08-01|chicago white sox|tampa bay rays,1785618369,MLB,match winner,220817.60413917,12.305096847712257,150997.917,0.6838128580764501,1,0.6077562434303865,0,0,1.0,0.5937919857230328,1,MLB
0xac064f6da1a6b6b3973b1c62cd46585f27538c952f29d341eb56475fc55b77ba,2026-08-01|minnesota twins|seattle mariners,1785623159,MLB,match winner,81817.38583336001,11.312257263023813,-81829.638,-1.0001497501602528,0,0.9874105466577595,0,0,1.0,0.48087507500230503,1,MLB
0x210aa90760d39f87a297f72c9dd67254b847bcfb74b1d5083a3865d1c98a77d6,2026-08-01|canadian open qualification dalibor svrcina|titouan droguet,1785624678,Tennis,match winner,89319.38904,11.399985061520068,4745.0749,0.05312480247569772,1,0.9998933651810045,0,0,1.0,0.9495589078846883,1,Tennis
0x390760f26e4c433dbcb6ff15cbb1202561e1c29a6e6cb451d1553d3e1809590e,2026-08-01|ana grubor|national bank open qualification maya joint,1785625529,Tennis,match winner,196595.19632435997,12.188907139226048,116164.152,0.5908799104548934,1,0.5983701487507701,0,0,1.0,0.6284212683180013,1,Tennis
0x45e70758d89361e3596e4c73873af9b6728e2361ffff057160fb439f07d7db5d,2026-08-01|cincinnati reds|pittsburgh pirates,1785627743,MLB,match winner,180921.6036747,12.105824614792116,2790.906,0.015426051634044183,1,0.5037605448106303,0,0,1.0,0.8370242381857672,1,MLB
0x41a72062c2008a62da644c433c5c01ed090d463eef4be17e7e7e860914566afb,2026-08-01|chicago cubs|new york yankees,1785631169,MLB,match winner,233385.999988,12.36045329886007,-233409.2966,-1.0000998200920415,0,0.1892558897057948,0,0,1.0,0.5009577211176912,1,MLB
0x528874c773c3c10a7068d5dda35a2c6b77e43750289de66fa431108d7130aec6,2026-08-02|1win|team falcons,1785684240,Dota 2,single-game/map,9970.906255999998,9.20752704387724,-9972.6537,-1.0001752542803168,0,0.7104809566684609,0,0,1.0,0.48508696937854845,1,Dota 2
0x9eed86d7fe4849a6f046796f7cfe57bf01e619f529170822ad8933d45c6059b7,2026-08-02|og|vici gaming,1785690489,Dota 2,single-game/map,33230.92789879999,10.41126637648186,-33231.3899,-1.0000139027475072,0,0.01729415398783346,0,0,1.0,0.5035163728411585,1,Dota 2
0x2525048b6487955ab915d4c3a84ecc0dde78685232a450de6eb82c135e94b889,2026-08-02|rekonix|yakult brothers,1785694488,Dota 2,series winner,81372.55023708999,11.306805563525316,-81377.6044,-1.0000621113986876,0,0.05686766461244514,0,0,1.0,0.4991334936879211,1,Dota 2
0x583760d35b02f8c19aefd2ed36b6a880a97f51b0941c8248c812b237680f5a9a,2026-08-02|chicago cubs|new york yankees,1785700460,MLB,match winner,250904.26046466,12.432830698514396,-250939.3315,-1.0001397785564703,0,0.39354967794609935,0,0,1.0,0.5151773233267961,1,MLB
0x3c6d94d69450d7a4c235efde3d2f4aa13f157cba253a4292971659999b92fd4c,2026-08-02|boston red sox|los angeles dodgers,1785706526,MLB,match winner,313718.85202404,12.656255675644864,473292.0327,1.5086502760239988,1,0.9834134642614617,1,1,1.0,0.398661568014698,1,MLB
0x5380fd8ced6cd8bc915aa9c7c673a2e68e5e940b2ce1fb3821c210883047e213,2026-08-03|team resilience|xtreme gaming,1785725774,Dota 2,series winner,9507.10978056,9.159900374538797,-9507.3042,-1.0000204498995475,0,0.27084886815268355,1,1,1.0,0.7823199174623474,1,Dota 2
0x3955d7073217070cbc24290ce1e025a9112c0db1c639280a53c4137c4a8f7e1e,2026-08-03|betboom team|team falcons,1785776651,Dota 2,single-game/map,12008.99595697,9.393494578435337,-12011.6359,-1.0002198304537246,0,0.05160432940254106,0,0,1.0,0.40038984413001305,1,Dota 2
0x4a9befb06bc73f1227bbe2c3ad2ae71d4cc5a5f1770d43bcfd7194d3985be115,2026-08-03|team liquid|vici gaming,1785777500,Dota 2,series winner,28331.17020756,10.251753194463825,-28342.5637,-1.00040215396528,0,0.6251184920705124,1,1,1.0,0.24130417079817415,1,Dota 2
0x2338f99dacc9238d9a1ee36c9e8e7451f263a51dbb1d8f84222513e91a06969d,2026-08-03|lgd gaming|rune eaters,1785778716,Dota 2,series winner,29292.7581012,10.285129738221437,60460.6121,2.064012268531422,1,0.7730818431240013,1,0,1.0,0.326088715722195,1,Dota 2
0x167574ab0aace048b08c8bcac474e9e341fb272693f7977c374c13d84f13cbf8,2026-08-03|team liquid|vici gaming,1785785369,Dota 2,single-game/map,15497.993619989998,9.648530373056861,-15498.5336,-1.0000348419300744,0,0.08789103763433753,0,0,1.0,0.2583104601449272,1,Dota 2
0x19dc5dcea97c9d6db76be745c0612194f761a9fbd9629fceee73a551b3b623d1,2026-08-04|chicago cubs|los angeles dodgers,1785794729,MLB,match winner,90989.33507587001,11.41850857190105,-90994.5974,-1.000057834515722,0,0.9794468453630878,1,1,1.0,0.5533491576064491,1,MLB
0x01a85ca8e7cbbaeec3012b79fc16c785a7fb148da94316848b0c77b840670cc5,2026-08-04|arizona diamondbacks|san diego padres,1785806772,MLB,match winner,188090.88282809997,12.144685860865692,174582.8673,0.928183571021647,1,0.68284889359713,1,1,1.0,0.5186505998953834,1,MLB
0xd87973eab15b8647bd210e90a1731e743bd54f055fb22434d6590ec808952c72,2026-08-04|betboom team|og,1785823728,Dota 2,series winner,9368.99178651,9.145267498658978,-9370.9117,-1.0002049221019453,0,0.22146252710115427,1,1,1.0,0.31236854145371057,1,Dota 2
0x6fdc754b9ddb80838cf378acd708432931a95ed4c65c826c25b33a2d77054aa7,2026-08-04|team falcons|team liquid,1785823788,Dota 2,series winner,5731.87294984,8.65397207146275,-5732.2903,-1.0000728121791345,0,0.023801413056577344,1,1,1.0,0.35681165689184813,1,Dota 2
0x8a0287590b1de2432a4728332634cb687062292d83390b5d3aed1d9b88b8d715,2026-08-04|rune eaters|yakult brothers,1785861474,Dota 2,series winner,25798.65697941,10.158116475449619,38452.1553,1.4904712028493887,1,0.7711458841166747,0,0,1.0,0.40112363328242845,1,Dota 2
0xcd740bcbfbc8855cf4f7706686d5cb981d62e72d9dfcd1306a4fe91b62313860,2026-08-04|iga swiatek|national bank open sara bejlek,1785865664,Tennis,match winner,64246.8200136,11.070503072432423,1987.8823,0.030941333743509762,1,0.002448779500147532,0,0,1.0,0.9699916637654835,1,Tennis
0x96415c944b8ff9333812b0b8f8a7f23b766cbc72eb6106f815d167d977426041,2026-08-04|diana shnaider|national bank open rebecca sramkova,1785869978,Tennis,match winner,66235.1739692,11.10098202726415,11409.6881,0.17226025714532908,1,0.5055676796398557,0,0,1.0,0.8530734728179069,1,Tennis
0xdf4aaa4d15ba71baed89b18edc53f8b05d2611320f674ea0ed5a1e34753592b3,2026-08-04|andrey rublev|national bank open juncheng shang,1785879804,Tennis,match winner,9748.82131155,9.185004236803438,-9752.52,-1.0003793985274525,0,0.8509276467820055,0,0,1.0,0.1845775182874814,1,Tennis
0x09396b2e3cec4ced5c176724d51bd577c15051a283db94cae83a747efd015f3f,2026-08-05|chicago cubs|los angeles dodgers,1785889361,MLB,match winner,132244.65075807,11.792416462662343,-132263.0598,-1.0001392044352981,0,0.999920248922801,0,0,1.0,0.6609944706681364,1,MLB
0x371e232f5e6bce774c8f83b160690f82e6edeff388d67f560a433c1bf97df562,2026-08-05|golden state valkyries|toronto tempo,1785897285,Basketball,match winner,250380.61277184,12.430741484089497,-250400.0459,-1.0000776143485905,0,0.05128525637844468,0,0,1.0,0.4896518999228999,1,Basketball
0xf57902fb236a32a52a6230e8c7c46d0ecd13cd04b43fb48064007666b0ef1ce5,2026-08-05|1win|betboom team,1785900216,Dota 2,series winner,479988.0257961,13.081518519697921,469566.3677,0.9782876706584195,1,0.7685775518046454,1,1,1.0,0.5054877043968153,1,Dota 2
0xa273f7c9d62be8001598e7cb675a7a60b1681b1d226af4e9fe2d6fd8f02434a6,2026-08-05|1win|team liquid,1785934880,Dota 2,series winner,169421.99613468998,12.040153802486767,-169447.6015,-1.0001511336538005,0,0.9360467058224881,1,0,1.0,0.516539321753006,1,Dota 2
0xf2288f55aadfad42931c809c7d991cee178401eb7074209bf3c42fb9b7ced7ce,2026-08-05|playtime|yakult brothers,1785939104,Dota 2,single-game/map,84474.87416604,11.344221259750789,-84493.1241,-1.0002160397886375,0,2.816572222176079e-05,0,0,1.0,0.33800031658302354,1,Dota 2
0x8829c327e1a8115ae11f32d17a2041a4fa9983264e389a4c1cd0c6b92149888a,2026-08-05|mariano navone|national bank open valentin vacherot,1785942441,Tennis,match winner,695490.16655098,13.452373589403699,-695547.7384,-1.000082778810958,0,0.1560434373421043,0,0,1.0,0.6162102444767926,1,Tennis
0xba2acfcbd1998eba588db39af8e7549a36835cd64e1d7e25f5748744267d04d7,2026-08-05|team falcons|team liquid,1785949778,Dota 2,series winner,638090.0640299999,13.3662362857308,1026958.6674,1.6094258871765121,1,0.13388866858343385,0,0,1.0,0.38342402873695225,1,Dota 2
0x71cc5dd0766e0306f331cb61a56419ca1aa24e65c9a5b3abdd79172aa1123a9e,2026-08-05|boston red sox|chicago white sox,1785975359,MLB,match winner,22083.06278741,10.002611486517536,3632.5313,0.1644939986345997,1,1.0,0,0,1.0,0.8587510466355879,1,MLB
0x4b51e92e4dc9263cdf6db61f63937567b094a5ce5470de0d0ce493b4a5fbe861,2026-08-06|chicago sky|los angeles sparks,1785985850,Basketball,match winner,11023.3851084,9.30786492627898,487.0503,0.04418336973720166,1,1.0,0,0,1.0,0.9576912407659607,1,Basketball
0x7e80d3794e50e7fb8626efb9a7826fd6deedd621f48e609a04f453235d6b7e60,2026-08-06|detroit tigers|seattle mariners,1785988892,MLB,match winner,8493.442047,9.047167351784193,-8494.6727,-1.0001448944954459,0,1.0,0,0,1.0,0.6763988345918245,1,MLB
0x453b7da51a3d42c0c9e7b116c12843b18d1c23a5acc1ab8d8e7c2e35565f8363,0x453b7da51a3d42c0c9e7b116c12843b18d1c23a5acc1ab8d8e7c2e35565f8363,1785989325,Crypto 5m,short-horizon binary,42.359408,3.7695237039016547,10.2765,0.24260254062096429,1,1.0,0,0,1.0,0.8047762158054711,0,Other
0x21f7bd0f524ba1639ff2ac1b0d2859188642e5585e46b755ed38d5bc0f81bfef,2026-08-06|joblife|natus vincere,1785989421,Valorant,series winner,31568.91793968,10.359959982235386,-31572.8091,-1.0001232592237541,0,0.9152612765693668,1,1,1.0,0.6896932760567002,1,Other
0x60103a0f8a721a843b08c7d4cee854435624c3c0bd2e104fceb5e673b2a5c40f,2026-08-06|alex de minaur|national bank open cameron norrie,1786052645,Tennis,match winner,98738.18175605999,11.50023712492476,-98740.3496,-1.0000219554776224,0,0.6485328133981756,0,0,1.0,0.7743234907632983,1,Tennis
0x75925ee36022684960b17d5d8842a0d88ab1f9125f975f9590f34496fbd066d5,2026-08-06|atlanta braves|miami marlins,1786057314,MLB,match winner,317968.56181467,12.669710939617165,93627.2548,0.29445443997879023,1,0.6446758388111817,1,0,1.0,0.6327590042956801,1,MLB
0xa5144d487f22937f5bc46c655ab3cf1063edebefef327fa08ffeed421e60688f,2026-08-06|boston red sox|chicago white sox,1786060992,MLB,match winner,413925.77101464005,12.933444355554906,-413974.3967,-1.0001174744090968,0,0.038876400572787365,0,0,1.0,0.8173390732690834,1,MLB
0x74759c7d149f111df12519cf51ed7c9140cf5c1dd2f3a3e13863d7d0f61212b3,2026-08-07|kt rolster challengers|lol nongshim esports academy,1786080571,League of Legends,single-game/map,25227.602492799997,10.135733649407364,-25232.6062,-1.0001983425575787,0,0.6097076582749739,0,0,1.0,0.45891673370790576,1,League of Legends
0xef170b8d9258e0c9a11eb9f93c7e9e99bdec3bd5552af72b882216ab26fba44a,2026-08-07|edward gaming|lol jd gaming,1786083243,League of Legends,series winner,440058.6836568,12.994665641370082,76698.3783,0.1742912505728821,1,0.7363352279334624,1,1,1.0,0.8516054323007787,1,League of Legends
0x328a0d56ad08af70ae82a7b677bd057bb4eeafffad91d460afd4ae3b619549dc,2026-08-07|leylah fernandez|national bank open mirra andreeva,1786084326,Tennis,match winner,42650.273776,10.660812418265175,-42653.1479,-1.0000673881723503,0,0.9870439866617928,1,1,1.0,0.7568606450023929,1,Tennis
0x537444ede763ded94dd33916cfe8c24a3f059c0fa05e4ef270d1a4576b30f5db,2026-08-07|lol bilibili gaming|top esports,1786109202,League of Legends,single-game/map,25114.97509539,10.131259380650055,7838.1617,0.31209115956633937,1,0.9577048166539435,0,0,1.0,0.7613581335754767,1,League of Legends
0x3773cbfc174f847670c2d98e54ce030d022d7b057f476c2cffb0a52ba09dd0f4,2026-08-07|lol bilibili gaming|top esports,1786109241,League of Legends,series winner,524457.3512761199,13.17012129713773,308317.7309,0.5878795104116574,1,0.9130917720784452,0,0,1.0,0.6291499735015446,1,League of Legends
0x0b537d7459eca8e31069b36a7752ea7b5f98c4ce885a66c9fece6b41ac42afef,2026-08-07|1win|bc game esports,1786112494,Counter-Strike,single-game/map,10289.308995,9.238957857045854,-10290.8099,-1.0001458703398576,0,0.04317547096666377,0,0,1.0,0.5964954046148752,1,Counter-Strike
0x62a0da37f0276ab1128827f0c4a7e2a491cb4d171165d99553faecef1394d3d7,2026-08-07|grodzisk mazowiecki joel schwaerzler|ilya ivashka,1786112596,Tennis,match winner,700784.44496331,13.459957049215278,176332.068,0.25162097884354717,1,0.6006508694338688,0,0,1.0,0.7990817670276158,1,Tennis
0x1715e86843c1ffa52ca6cd7b6ece478f72e4be53c1a57ca8007410dcaa78001b,2026-08-07|hubert hurkacz|national bank open botic van de zandschulp,1786139700,Tennis,match winner,1148.14268875,7.046771455299426,160.3391,0.13965084790511845,1,0.820799872138456,0,0,1.0,0.8765507929663776,1,Tennis
0x7e895ef61b56690cd709ec2b201c6ddf63cc554773a72c483367c863857671ac,2026-08-07|mertens 1 5|set handicap osaka 1 5,1786140102,Tennis,match winner,1764.5479848,7.476216394155141,-1764.577,-1.0000164434179462,0,1.0,1,1,1.0,0.5464102937455217,1,Tennis
0x3d97a6235af5d7d81d3c39c13bdbb2add007270d666178dcc7b0c5375ac140ee,2026-08-07|joao fonseca|national bank open casper ruud,1786145713,Tennis,match winner,32660.90588628,10.393964720188658,23629.8498,0.7234903368043532,1,0.9963334338435779,0,0,1.0,0.5796200428481288,1,Tennis
0x2f40b48f8d3177ec141fc216669c06206f37c359c0ace9cde11925055c0638a1,2026-08-07|atlanta braves|new york yankees,1786151275,MLB,match winner,58103.07909756,10.969991148595142,-58107.8835,-1.0000826875703426,0,0.8194450483576817,0,0,1.0,0.5684489080436755,1,MLB
0x377d771fbb92cb291fefa615427826f82e66adbf27dd9b2f9142331ea8a6e087,2026-08-08|hanwha life esports|lol t1,1786176877,League of Legends,series winner,62918.884882139995,11.049617527579631,-62924.8915,-1.0000954660571504,0,0.811811269874482,0,0,1.0,0.5866657507879645,1,League of Legends
0x0f0da51927fc7b605171b237422b01f26c6f48b2cd2626c6fe3eef402e32a503,2026-08-08|eyeballers|phantom,1786188549,Counter-Strike,series winner,128466.95648988,11.76343478638307,-128476.3943,-1.0000734648844953,0,0.933290130382266,0,0,1.0,0.5717490736224358,1,Counter-Strike
0x67fbafefe6a162338eee27ffe8b4b6c3f0f40102fb246026767d1860a2f2802b,2026-08-08|grodzisk mazowiecki mathys erhard|joel schwaerzler,1786194939,Tennis,match winner,305832.30449088,12.630795475934999,304454.1976,0.9954939132634333,1,0.4079961416021603,0,0,1.0,0.5011980345076656,1,Tennis
0x8e57a594395dc78aedcd0b48c3cea5df795c8def514a31edc8cfb844c30c008d,2026-08-08|atlanta braves|new york yankees,1786219378,MLB,match winner,3178.27000129,8.064406890078676,-3178.6044,-1.0001052140661002,0,1.0,0,0,1.0,0.3611391834019865,1,MLB
0x32cace9530dddf66ad91ed711fe96628dd1e919400b8731f0a953ab4623a3fba,2026-08-08|ekaterina alexandrova|national bank open aryna sabalenka,1786227805,Tennis,match winner,6938.4168420000005,8.844973021439996,33921.9117,4.8889988123316614,1,1.0,1,1,1.0,0.16984907037760244,1,Tennis
0x06170525ffb9e2bdf2eecd856c6aa0d8e8d7583ac8f31f93af24f96b0b79b545,2026-08-08|kr esports|sentinels,1786227898,Valorant,series winner,5903.7322698299995,8.683509388032043,11768.2774,1.99336231084525,1,0.8440551089185341,0,0,1.0,0.33377254082586133,1,Other
0x1e3a086b318fcd5c476b1eeb74662e155b827d2e3156c1405526448be50f61e0,2026-08-09|arizona diamondbacks|los angeles dodgers,1786236421,MLB,match winner,22070.522665239998,10.002043489405569,12489.0956,0.5658722174110412,1,1.0,0,0,1.0,0.6386363618839839,1,MLB
0x377ddb926c22806ae21a20583d29bf3095cece2a9010087dac77c25fc22f584e,2026-08-09|100 thieves|bc game esports,1786287058,Counter-Strike,series winner,23415.829523729997,10.061210253253734,-23419.3011,-1.0001482576675955,0,0.42454644091831434,0,0,1.0,0.6003928678670863,1,Counter-Strike
0x30396a40df336fa169844337f924dcd7519a68481ad8a3bc5df844f6691abcf7,2026-08-09|fnatic|k27,1786290457,Counter-Strike,series winner,65615.09406648,11.0915762812214,68535.9461,1.044514940884801,1,0.7762990865180037,0,0,1.0,0.488604037716877,1,Counter-Strike
0x24c299140832870a96aa8e6239f5723739ce004b7905629d600436ae809bbb3d,2026-08-09|100 thieves|1win,1786292682,Counter-Strike,series winner,37501.00560054,10.532149693209421,-37509.7362,-1.0002328097425706,0,0.014997906096923218,0,0,1.0,0.36948785075901863,1,Counter-Strike
0xcd23539d88af8c71116603283d15ed45e3ea108d80cb99066fbbe4d36bf28061,2026-08-09|cincinnati reds|washington nationals,1786300935,MLB,match winner,134162.97118,11.806817996386975,237.8966,0.0017731912010268884,1,0.056342992829907984,0,0,1.0,0.9982320527748618,1,MLB
0x299323b7c950c5ede518e89c6e6ad1161e77f40478163119a4470da77c9c1e93,2026-08-09|detroit tigers|san francisco giants,1786312080,MLB,match winner,9665.35123788,9.176406189203975,-9665.9289,-1.0000597662832713,0,1.0,0,0,1.0,0.5521344123277566,1,MLB
0xfc1cb9a7badff7e3774d4fba0bdcce064caabf966eb57290359bb63a14917c2c,2026-08-09|ben shelton|national bank open joao fonseca,1786316086,Tennis,match winner,34537.78495655,10.44983817321712,-34545.1933,-1.0002144996692555,0,0.16614378294172208,0,0,1.0,0.3683862234491899,1,Tennis
0x962438a066b41ed074f0bc05086775dce5067de7ccbd578cd8dcd6c03a194555,2026-08-09|naomi osaka|national bank open leylah fernandez,1786317418,Tennis,match winner,23273.99826738,10.055135027704019,-23277.6882,-1.0001585431337412,0,0.9220147349777139,0,0,1.0,0.2586438880848605,1,Tennis
0x41e06a878d9fc4f05a79b517475613e0dba81cc9f7128c6b3f252b0c8b6b4369,2026-08-10|belinda bencic|national bank open alexandra eala,1786321117,Tennis,match winner,84940.27820675999,11.34971545210299,-84944.6924,-1.0000519681985178,0,0.9999710236185634,1,1,1.0,0.5003292655648487,1,Tennis
0x5ab81751e1511a260f8a26d80687d8d2e0bdc05fe480e48fbb504fc2585bf0b4,2026-08-10|gen g|lol hanwha life esports,1786328883,League of Legends,series winner,300208.77821848,12.612236769997734,-300215.1262,-1.0000211452228602,0,0.9446286095082777,1,1,1.0,0.6148518617470183,1,League of Legends
0xd24a14ca602677dd9ef0c4948f003321b05de375e9da6a355447a8eeae8b1fd6,2026-08-10|astana semen pankin|dominik palan,1786353231,Tennis,match winner,47487.59633274,10.768244883994113,5736.9402,0.1208092353169854,1,0.4548977324106785,0,0,1.0,0.8922267245924144,1,Tennis
0xc59fe4d5bb2d245f6bbd47a9fb3a8bd26095a43cfd15389360e595c1704ee908,2026-08-10|kiwoom drx|lol dn soopers,1786353261,League of Legends,series winner,548971.28572373,13.215803237839898,312316.1189,0.5689115751988041,1,0.9511280586055593,0,0,1.0,0.6367891282501777,1,League of Legends
0x94a39addec8bd24a2d03deeaa43bdee6a2b11eca403cd12495eb24132cc23173,2026-08-10|iga swiatek|national bank open diana shnaider,1786358817,Tennis,match winner,226445.14762439998,12.330262436803443,-75507.8551,-0.33344876625593833,0,0.9975403554527289,1,1,1.0,0.3265511075024964,1,Tennis
0xb2566cbeaa5af1086cf7849b8930404d77c123ac6745e566e268cc7a18b3347a,2026-08-10|astana lucio ratti|tai sach,1786359297,Tennis,match winner,757648.0188050999,13.537975521513117,234613.8709,0.3096607726500938,1,0.3666565188084557,0,0,1.0,0.7636732949933547,1,Tennis
0xb9b85712d00829998098c457ebfe3e891b037fc5804c33a89b24631185f197f7,2026-08-11|elina svitolina|national bank open ekaterina alexandrova,1786407246,Tennis,match winner,46825.80759825,10.754211129840026,-46829.4623,-1.0000780488781176,0,0.9308343557660146,1,1,1.0,0.3075307714742481,1,Tennis
0x8502d42b05ae4df3f4d1b7cddff5579bbeea7e76997db52be8af729ef1aea8f9,2026-08-11|milwaukee brewers|san diego padres,1786413109,MLB,match winner,1171.099424,7.066551799303368,1159.6914,0.9902587058227431,1,1.0,0,0,1.0,0.5024949957314641,1,MLB
0xe7ee3b4085b8dfba1fbe9cdd6bb28d1d2dad1eaafaeff28c6135309f853b8b50,2026-08-11|kansas city royals|los angeles dodgers,1786415055,MLB,match winner,222044.90557108,12.310639421329707,99851.9652,0.4496926643878162,1,0.5652675510540365,0,0,1.0,0.6898124089844793,1,MLB
0x45a5bdf9359a730d3dcb814cb34e2ec8527ace22521b53b9f6b067b17a218324,2026-08-11|dn soopers|lol hanwha life esports,1786436220,League of Legends,series winner,1330.123431,7.193778549632627,-1330.503,-1.0002853637423066,0,1.0,1,1,1.0,0.25937499878159803,1,League of Legends
0xfb3e69c54fb81ddfc56476bde906967edbd5cb831071802b8caaf01d8fb11ec5,2026-08-11|florian broska|hamburg matheus pucinelli de almeida,1786445251,Tennis,match winner,7618.96439147,8.93852697563434,461.2551,0.06054039319522343,1,0.9992953200292817,0,0,1.0,0.9419280247143113,1,Tennis
0x479392fc52e8b3fb7cae31b56e255c61e276e634c6fbf85d5e1efe0e4886a67e,2026-08-11|hamburg fryderyk lechno wasiutynski|saba purtseladze,1786447782,Tennis,match winner,8022.688304999999,8.990153483548289,2968.7357,0.3700425078398955,1,0.9621251891549814,0,0,1.0,0.72915458465677,1,Tennis
0xee4ffc044f04ea2fa9e87e985cb616ac7eade2368edefe97cbebeb47a4d2cf69,2026-08-11|cincinnati open qualification quentin halys|soon woo kwon,1786490613,Tennis,match winner,34270.62292992,10.442072970908706,-34275.0611,-1.0001295036302398,0,0.017239556683569423,0,0,1.0,0.7104930383477602,1,Tennis
0xf9a566d0366e09912a8a36acf39ed96550bb182d3c024e2837238000105eb38a,2026-08-12|elena rybakina|national bank open naomi osaka,1786494765,Tennis,match winner,95944.38981436,11.47153445248954,192512.447,2.006500300564595,1,0.4850578610715357,1,1,1.0,0.332657911718751,1,Tennis
0x37fa573f44b8faa34723af9d754381577958f7d96c00a3f3f00bdf27b353d6c9,2026-08-12|kansas city royals|los angeles dodgers,1786502769,MLB,match winner,288740.23506432003,12.573286185601823,57194.5071,0.19808291382480625,1,0.9450973130327468,0,0,1.0,0.8346851345053654,1,MLB
0x911d914f939ecd4a806233c51faee15ffdc3884e196a97f08a97eb6721b659e9,2026-08-12|hanwha life esports challengers|lol hanjin brion challengers,1786515087,League of Legends,series winner,20687.678344,9.93734188972389,-20689.2213,-1.0000745833328586,0,0.06918828950367338,0,0,1.0,0.7508652832347035,1,League of Legends
0x7b972b4db88965cc83294f673226a232e578459bb3067e0dc9f7241b244c2f38,2026-08-12|astana fajing sun|semen pankin,1786524300,Tennis,match winner,32793.231998079995,10.398007925191084,-32797.4448,-1.0001284655907123,0,0.13539533219119734,0,0,1.0,0.4904709193995048,1,Tennis
0x77601218f89d0166a46923aa9a410fec4b75b40c971cfee68af05956fbf7e10a,2026-08-12|dplus kia|lol kt rolster,1786532758,League of Legends,series winner,51760.356725280006,10.854399140679789,-51771.8688,-1.000222411039033,0,0.26754947326390205,0,0,1.0,0.3507942220886363,1,League of Legends
0x0e5989059a0b773cd724586b07c0529457c5647815893fcd681361602bd3712d,2026-08-12|dplus kia|lol kt rolster,1786532890,League of Legends,single-game/map,15550.515790079999,9.6519133913184,-15553.0294,-1.0001616415785775,0,0.13598019128382619,0,0,1.0,0.45167518621972,1,League of Legends
0x36145debe128892ac6b9fd149e566639ecc5eb7a22a3f6884caf02c5c709e798,2026-08-12|magic|themongolz,1786535811,Counter-Strike,series winner,154567.63056954,11.94839348749361,-154586.3028,-1.0001208029804896,0,0.5436342153196485,1,0,1.0,0.6374839253646608,1,Counter-Strike
0x9e6290492aa30bc84767b40642e558812da877359a0ef6e251f79308f38ceca1,2026-08-12|g2|m80,1786539442,Counter-Strike,series winner,83583.89813424001,11.333618138427369,-83606.1967,-1.0002667806390673,0,0.15451383987783826,0,0,1.0,0.3487044885452677,1,Counter-Strike
0x8a6c2288c593fe01201db76111d4c4ab131efb8ccb40a368d63e1662bfd57beb,2026-08-12|k27|team falcons,1786539567,Counter-Strike,series winner,234549.77817025,12.36542738146694,-232850.3861,-0.9927546634940048,0,0.9540615940176057,1,1,1.0,0.272313199219374,1,Counter-Strike
0x5268a07f58df791c6d71c9d1d50c1abbf7b9ead3c67f4bfec0519d7b33a4d9a6,2026-08-12|betboom team|faze,1786540858,Counter-Strike,series winner,251641.984449,12.435766633608074,-204725.6231,-0.8135590869237145,0,0.882154113738496,1,1,1.0,0.4978701933098303,1,Counter-Strike
0x41904c1ddf43fd90b92e247e6b150a796eb23389eace700980c77e280960be1e,2026-08-12|b8|parivision,1786545156,Counter-Strike,series winner,487980.79677200003,13.098033382442837,-487985.5653,-1.0000097719583056,0,0.9547157559759103,1,1,1.0,0.6140165769470423,1,Counter-Strike
0x0ac031b4eb98e3adc6d0a1f9bc7acf62762a01dc5f0805537dfb84afe6a052ce,2026-08-12|astralis|mibr,1786550704,Counter-Strike,series winner,433007.34614318,12.978512281956323,325961.3047,0.752784698927986,1,0.9818535855595154,1,0,1.0,0.5699654413312839,1,Counter-Strike
0x3dd97c070ee813453634f553b89912075ee9e76cc1ceaa403e86dfc8d332cfb3,2026-08-12|100 thieves|vitality,1786550878,Counter-Strike,series winner,769935.2698360801,13.554063023957886,-770062.0081,-1.0001646089858265,0,0.9974556466516663,1,1,1.0,0.2916588913344791,1,Counter-Strike
0x01045c82b90d77c851604beabfdd3e977d24fec6ec70cb4388fb2a27c5e765c8,2026-08-12|3dmax|natus vincere,1786554760,Counter-Strike,series winner,184486.16088,12.125335151315024,-184504.463,-1.0000992059237002,0,0.9309221821467049,0,0,1.0,0.20170593105522272,1,Counter-Strike
0xdabf47b9d693ffd91e9fd053638fe5bd56c0896dd66f43cad66d947f71af08f7,2026-08-12|boston red sox|toronto blue jays,1786579914,MLB,match winner,346618.6684455,12.755983401466933,-346677.3968,-1.0001694321738739,0,0.32151214780756204,0,0,1.0,0.5726019258859119,1,MLB
0x54481855fff078ca7e1b9ef92c1d86cc9a133680169f3ee4dc2327121ca9046c,2026-08-13|boomboys|og,1786585063,Dota 2,series winner,252887.90616238,12.440705565196803,-193211.1147,-0.7640188003926871,0,0.2727368614001672,1,0,1.0,0.29630839752699445,1,Dota 2
0x8ed08a43d2f45900b4a767a1a6ffb210897c76b3db2dc962283c1994ca7c0b1b,2026-08-13|lgd gaming|team falcons,1786588612,Dota 2,series winner,130928.67073035,11.782415593366045,-130959.8801,-1.000238369254617,0,0.7741879741456973,1,1,1.0,0.26017316736543383,1,Dota 2
0x96ed7d707c3ee7f68b2d51f9c1bb73ba2ee60c2c09eabace96547050a4bfe787,2026-08-13|lgd gaming|team falcons,1786591017,Dota 2,single-game/map,9117.44217733,9.118054254588769,22429.3499,2.460048494277189,1,1.0,0,0,1.0,0.2887356211124705,1,Dota 2
0x56270a01cc2b77707caafe33e13370fef8510d588f932546f93aeddd42b5a044,2026-08-13|team liquid|vici gaming,1786602103,Dota 2,single-game/map,344246.88592857,12.749117275478566,-344285.1659,-1.0001111991799918,0,0.0815700855744329,0,0,1.0,0.3778303834326655,1,Dota 2
0xa76c27f6f1529868acb88204c0f94b5126ac3987c125a8abda028fa0663aeb1f,2026-08-13|team spirit|xtreme gaming,1786604515,Dota 2,series winner,287292.85691475996,12.568260862611247,-215799.7453,-0.7511490108646453,0,0.6022296427888126,1,1,1.0,0.3886439600257778,1,Dota 2
0xd27edbaa6fb8132171b9f04e0491da9b4d0b12e53a55d3dc9f421298b2d442fa,2026-08-13|aurora|gamerlegion,1786605586,Dota 2,single-game/map,35885.09721745,10.488105235332366,-35889.844,-1.000132277265998,0,0.039764822107874624,0,0,1.0,0.6955933664322873,1,Dota 2
0x7265c13c7a9219ea2955d39326831bc3066bee1aac6eb074ad583677e27e2a07,2026-08-13|aurora|gamerlegion,1786605877,Dota 2,series winner,406.371,6.009724318146647,-406.4531,-1.0002020321331986,0,1.0,0,0,1.0,0.3661745495495496,1,Dota 2
0x6098e3bd3a95ea56544b7121f39ac9fb3062ab99dcf06755a0c9399b558d7fe6,2026-08-13|aurora|gamerlegion,1786609899,Dota 2,single-game/map,34489.93208874,10.448451730463953,-34498.1909,-1.0002394557124308,0,0.15893523285087596,0,0,1.0,0.2798736439378176,1,Dota 2
0xe9b89a7f3bdc647640ee0421ec84b9d443a514639276dd471a75a3ecf02fd2e8,2026-08-14|aurora|team spirit,1786673154,Dota 2,series winner,12724.98969318,9.451401613889848,-12725.9887,-1.0000785074757692,0,0.690949430691522,0,0,1.0,0.44583767918617934,1,Dota 2
0x19486ecc22eba3c3ad2497b4744e5687361d54a7e1c50298ce174f645d6487e0,2026-08-15|team resilience|team yandex,1786762030,Dota 2,single-game/map,48912.45593,10.797807810002622,26252.1428,0.5367169221183697,1,0.6443137792538424,0,0,1.0,0.6500870361813342,1,Dota 2
0xc9e8111cecbda922f2fd3e33a5b00e643b2cebeec0d83f2ff96086574ae4c674,2026-08-15|lgd gaming|xtreme gaming,1786764196,Dota 2,single-game/map,81394.63718491001,11.30707695331727,79702.0738,0.9792054680326802,1,0.8608332786647064,0,0,1.0,0.5047715571926429,1,Dota 2
0xb2bdda2d35670342ce918bb65c4de65c40daab7d73afc76c28dbe035ea89f432,2026-08-15|team spirit|team vision,1786764501,Dota 2,series winner,120404.35165649,11.6986192598432,-103024.7312,-0.8556562099510029,0,0.770106458704802,1,1,1.0,0.40447529115816905,1,Dota 2
0xf64b19271b0320e18c59f90b344a9e7fff2e161babc2be9e9d7d8e82c921e800,2026-08-15|huligani|og,1786770030,Dota 2,series winner,118870.1625748,11.685795518147252,-118873.3898,-1.0000271491611528,0,0.13756535470699602,0,0,1.0,0.44202197689022427,1,Dota 2
0x3aed37da813add8ee6cff680c88d820c47aab7203fb06376efb0eeb056894936,2026-08-15|lgd gaming|xtreme gaming,1786773144,Dota 2,series winner,16660.410787419998,9.720850593253237,-16667.0782,-1.0004001949690842,0,0.06066704185880427,0,0,1.0,0.19998276574048426,1,Dota 2
0xe570f128e13589d40b01f61f8fcc6b664e7214ee86932e4cbcf79700d0eab341,2026-08-15|team spirit|team vision,1786776297,Dota 2,single-game/map,15576.771470040001,9.653600271327353,-15577.3102,-1.0000345854698476,0,0.25198370800333114,0,0,1.0,0.4626193610911506,1,Dota 2
0x435209c7b5cbb4e2fda1857ecf6643091a1309cc6850f7d19f6fdd9218fe3de2,2026-08-15|team spirit|team vision,1786779234,Dota 2,single-game/map,5045.67184,8.52648426342188,-5046.7869,-1.000220993365276,0,0.9763213635236699,0,0,1.0,0.3982919747143128,1,Dota 2
0xbfa5522abf1fdf7f209f18fb5979cb1147a75035a905f043986093a1136177d4,2026-08-20|boomboys|team vision,1787218278,Dota 2,series winner,159460.66136235,11.979558804679938,-159516.5801,-1.000350674186174,0,0.009015722504836262,0,0,1.0,0.2596744282942101,1,Dota 2
0x25467665de6b5162d0ebb093914a9485ab3e43247398c3f948b79e2ee42f077d,2026-08-20|team liquid|team yandex,1787222199,Dota 2,single-game/map,167088.6449089,12.026285743237208,133385.1657,0.7982898285680886,1,0.9749860648203097,0,0,1.0,0.5555117445434401,1,Dota 2
0xbb1682e49e0aba1d452eb672fcc6a4c3dea2ddd01edff310cfa569e46c8602a6,2026-08-20|team liquid|team yandex,1787222289,Dota 2,series winner,31867.61067814,10.369376813054824,9549.3435,0.2996567140363145,1,0.9959081049936985,0,0,1.0,0.5023105648174081,1,Dota 2
0xf554e62dcd6e27af21057566bf371a9c29c6196a90e5548cf6c53f025f620631,2026-08-20|team liquid|team yandex,1787227425,Dota 2,single-game/map,296277.45105959004,12.599055004152138,317361.4955,1.0711631761546692,1,0.9247528314980171,0,0,1.0,0.4823402764641212,1,Dota 2
0x46fc250b2bf421953bddf6641ecb6c829461c72fef1b2de6718c7c5ba19fd29d,2026-08-20|nigma galaxy|team falcons,1787230662,Dota 2,series winner,659146.5910141199,13.39870275049404,1096482.2833,1.6634877556038392,1,0.990615920474633,1,0,1.0,0.3751678198938925,1,Dota 2
0xa6ef696ebfa8e63a4931093b899cf1726948b7a6034e14949fef3d0f98d4359c,2026-08-20|furia|g2,1787246716,Counter-Strike,series winner,1455599.56940352,14.19092913590138,555966.581,0.38195022359605785,1,0.5490922443946467,0,0,1.0,0.7233624877084559,1,Counter-Strike
0xbee7d58b8a5ca59c228423923d1025e808e1d91d1c1d126cc1c575234cd517aa,2026-08-21|boomboys|iron wing,1787254630,Dota 2,series winner,2022564.83527638,14.519877478819549,1316320.8021,0.6508176050238346,1,0.9664588572707556,1,1,1.0,0.6058009341017432,1,Dota 2
0x9b43e1b923451435407af0b9455891ca655548ce9e3e8810e98c082c4ce78793,2026-08-20|cincinnati open tommy paul|flavio cobolli,1787260761,Tennis,match winner,789635.6617549399,13.57932819681753,826416.9103,1.046580024594273,1,0.09461779687760422,0,0,1.0,0.48872506656206266,1,Tennis
0x3bae865f39fd0cc48f2fe2e751567bff85a09a195ff6661a92b376daee3d9351,2026-08-20|cincinnati open iga swiatek|elena rybakina,1787267818,Tennis,match winner,1616271.5025336,14.295633131652552,510782.2548,0.31602503292257456,1,0.6602267556265017,0,0,1.0,0.7649185581506409,1,Tennis
0x8395da44ae21a5692d1e0925c2a70d999a374452bab1ba54ff5c5fc3c5123d5d,2026-08-20|baltimore orioles|new york yankees,1787271105,MLB,match winner,441554.76511974004,12.99805959936191,51982.1174,0.11772518723901346,1,0.9901746400678513,0,0,1.0,0.8937513747639825,1,MLB
0xc2c6815711d9c3e04754da74166a1d4869b5f78fc660f3275041bb082f3efbae,2026-08-21|team falcons|team liquid,1787291479,Dota 2,series winner,376135.7589738,12.837708076916702,279096.6649,0.7420104529849837,1,0.9184957380832357,1,0,1.0,0.5741048544503864,1,Dota 2
0x24b29f470d936697df0e599b794761fbe5c6b2ad9b2cce40f7d50a1e6dd5617d,2026-08-21|team spirit|team vision,1787291809,Dota 2,series winner,638550.6879699,13.36695790336293,-546726.2084,-0.8561986052167117,0,0.9381713225465487,1,1,1.0,0.38689938506413013,1,Dota 2
0x111c5a46eac20f1317cceb8fe958b6e19f50c1a643f179a6cc067f3806c29a7f,2026-08-21|team falcons|team liquid,1787293932,Dota 2,single-game/map,563514.3907111501,13.241949924797323,-563572.1976,-1.0001025828085364,0,0.7673644924762502,0,0,1.0,0.546021334923355,1,Dota 2
0x8881d0df21cddb51a493cb7732a756c8a9ac395e503c890ff6032d1e65da1960,2026-08-21|team falcons|team liquid,1787299842,Dota 2,single-game/map,91415.69909048,11.423183444150945,52945.5994,0.5791740360438127,1,0.3238368794571071,0,0,1.0,0.6331678855187012,1,Dota 2
0x6fcd2cd82f1b7b2773c93335bd95e5472a7c8341d5aa7bf4c4dba60ef8a58c6e,2026-08-21|team spirit|team vision,1787308566,Dota 2,single-game/map,651040.0,13.38632789923827,-651155.7,-1.000177715654952,0,1.0,0,0,1.0,0.5008893758615385,1,Dota 2
0x25e47a33eabfc05930ffb603bfb0b8505af969307b43c1f962a9faf59402da89,2026-08-21|team spirit|team vision,1787312985,Dota 2,single-game/map,4110.65941329,8.321581976197319,4592.6588,1.11725597726527,1,1.0,0,0,1.0,0.4723200428971709,1,Dota 2
0x08c64d56db56a0bafe59db235ec5bec87d1804923d6049c46026f08ae77c3433,2026-08-21|legacy|team falcons,1787320269,Counter-Strike,single-game/map,331638.92911136005,12.711805108478353,269379.0148,0.8122659650415951,1,0.9058791243458627,1,0,1.0,0.5512813066584344,1,Counter-Strike
0xedeb21da344a601fc9c5fefa93657ef5ffcb97eed90c290254fd9574bd0b0a39,2026-08-21|nigma galaxy|team yandex,1787320363,Dota 2,series winner,996846.8995089099,13.812353479140208,-997063.8589,-1.000217645649695,0,0.927414370162862,1,0,1.0,0.42745773301854767,1,Dota 2
0x9b10fcaf654960bc777ddc653d289331cd4719cc120bfb75e5efbba68d48c540,2026-08-21|spirit|vitality,1787339490,Counter-Strike,series winner,396981.34047906,12.891647076259451,-388982.3004,-0.9798503373750335,0,0.06541998160913563,0,0,0.9803101339588904,0.49782359105311247,1,Counter-Strike
0x47a80cafe3b85a1d8a8bf940de2e72727f3b348fbeac1d1e45ddf086991bcc0a,2026-08-21|bbl esports|fut esports,1787342217,Valorant,series winner,2829.83688,7.948327664236024,2794.665,0.987571057452612,1,1.0,0,0,1.0,0.5031539521405206,1,Other
0x61667bf31ebd267b84655d20b438a9d9bec099fd26894613bf5fc3798406350f,2026-08-21|brandon nakashima|cincinnati open taylor fritz,1787342466,Tennis,match winner,535075.54420695,13.190165088928156,821248.0511,1.534826362354486,1,0.8662933889751079,0,0,1.0,0.3945362295930993,1,Tennis
0x9395d17548525858db6a29acefc0f2d9e1c4d4c0aa1e1f1653df624e09ebe871,2026-08-22|team liquid|team spirit,1787344480,Dota 2,series winner,2292082.1099722004,14.644971617054733,1306055.0132,0.5698116169214551,1,0.9964031261471465,1,1,1.0,0.6370337757745175,1,Dota 2
0x6b354e80ea28a57c40f01a78d2ff066d816e34c3a4f7985c523645b7105f158c,2026-08-22|team vision|team yandex,1787391916,Dota 2,series winner,1376051.21252559,14.134729241904939,561683.1376,0.4081847626652591,1,0.905663195008339,0,0,1.0,0.7101797141836934,1,Dota 2
0x042cca2d782c3764afd584202907651edd0f4dbdc91675135bce71cde5b5a510,2026-08-22|team vision|team yandex,1787392470,Dota 2,single-game/map,507444.11916202,13.137143844468346,-507491.9671,-1.0000942920336904,0,0.7222257866675286,0,0,1.0,0.5939625614453985,1,Dota 2
0x393d4f3f33dc1cf2e5afbfb117fbc022f05c7df29a47f4730426ecb884debd14,2026-08-22|boomboys|team spirit,1787403580,Dota 2,series winner,637247.19953137,13.364914496861864,-637395.3153,-1.0002324306309058,0,0.012577184934862746,1,0,0.9999797186132043,0.31029163879605426,1,Dota 2
0xaea50c46b138456d358138b2c1737f22cc692ac199e2cfa0c1e86e2babf9e37b,2026-08-22|furia|fut esports,1787407584,Counter-Strike,series winner,1300262.81278488,14.078077734755114,1535241.4715,1.1807162801278972,1,0.9778671981013541,1,1,1.0,0.4584523091343241,1,Counter-Strike
0xe20c204c80c680c4a471a29cea5ec81631cf1505f0c7824620c5dee4586ae581,2026-08-22|legacy|spirit,1787419168,Counter-Strike,series winner,1035489.2906464199,13.850385583285568,301196.9114,0.2908739994905918,1,0.9329144601401592,1,1,1.0,0.7747186099591593,1,Counter-Strike
0x95959560144520f539cadad1509aaa3fc47e95aaeb1ade1849987ad5f1f6b58f,2026-08-22|cincinnati open jessica pegula|iga swiatek,1787431147,Tennis,match winner,199966.15126100002,12.205908388345701,-199989.0717,-1.000114621593982,0,0.30283575760955356,0,0,1.0,0.6805847386985829,1,Tennis
0x0235a1bf063ee72029bfca7e13c38e640d1b13f7961f36d85ed2f0859a55ee10,2026-08-22|baltimore orioles|tampa bay rays,1787439670,MLB,match winner,392031.76739286,12.879100705567035,-392048.3453,-1.0000422871525187,0,0.8491742320427176,1,0,1.0,0.5439316690001981,1,MLB
0x321d3afb156d373bfe817fae985e178d89bee1c15ab40965fad373e1d7fa3134,2026-08-23|team spirit|team yandex,1787444983,Dota 2,series winner,278752.50301583996,12.538083168550472,-26824.1672,-0.09622933214872596,0,0.6902634675481281,1,0,0.8576097677668247,0.3665047823492703,1,Dota 2
0x0721f8701f61a1b563634b4e0af8baaabd1ff8993dcd8edaaffc3e211dfad50a,2026-08-22|eagles|patriots,1787450550,Other sports,match winner,246599.92684200002,12.415526628188692,-246621.2269,-1.000086374956687,0,0.319148303754576,0,0,1.0,0.8220967082318358,1,Other
0xe73c7a324d88c5040647fc72c66c3092aa9d0efd7479d23433781d13bb736456,2026-08-23|team spirit|team yandex,1787451385,Dota 2,single-game/map,377134.74290799,12.840360462387725,-377178.9218,-1.0001171435218865,0,0.9706298667956679,0,0,1.0,0.4439607199629325,1,Dota 2
0x2b06aff495ed62b84e9c8da62e11b7bcd1eaedad4b290cb4fc6971deafed2642,2026-08-23|team spirit|team yandex,1787454447,Dota 2,single-game/map,1142071.1513001001,13.948354846974752,-1142095.818,-1.0000215982164262,0,0.8137313963628757,0,0,1.0,0.4630816638683682,1,Dota 2
0xbd4caa8f7916cbae0f4b25a276cd4bf87db7146c7f86e84237b8402baf22e03c,0xbd4caa8f7916cbae0f4b25a276cd4bf87db7146c7f86e84237b8402baf22e03c,1787458848,Dota 2,outright,13233.25905,9.49056412896105,19279.0701,1.4568648605121957,1,0.9803230285890911,0,0,1.0,0.40705832568281813,0,Dota 2
0x0ba31a59ae7b92571ff0f2a6f5bf8843fa88d5c9f4d0d962d21917ba0b2bdb42,2026-08-23|team spirit|team vision,1787459175,Dota 2,series winner,2340335.2564032003,14.665805176327734,2882989.9643,1.231870500780641,1,0.8798537475539543,1,1,1.0,0.4481378510857398,1,Dota 2
0x65e192c00f6ffe5e487ada218f0792aa5ce0a9d1017360ad21ac7d95ef54324a,2026-08-23|fut esports|spirit,1787492857,Counter-Strike,series winner,726033.7950093,13.495353219668527,269884.3895,0.3717242797169558,1,0.9425226179634315,0,0,1.0,0.7290151338036192,1,Counter-Strike
0xb52c56f218011a0e1c0d1fac7f722cd9f33cd00f3ad63b0c070413b598f26257,2026-08-23|kamilla rakhimova|monterrey open qualification maria timofeeva,1787530441,Tennis,match winner,5133.18168,8.543675748416957,5.1023,0.000993983910579218,1,0.3753822986567321,0,0,1.0,0.9990170853508542,1,Tennis
0x7c83e1f889ddaf02b9e41091d1902f20a5f1f93cac9e04ad8f8451a889278aa3,2026-08-24|seahawks|titans,1787532192,Other sports,match winner,99937.94852015999,11.512314763731782,-99960.6137,-1.000226792526519,0,0.5086139492861466,0,0,1.0,0.37929416330504717,1,Other
0xc8c730564e87323797921a4953d27b8371175d6eed6cbe2232fd728e2e35222f,2026-08-24|monterrey open lilli tagger|yulia starodubtseva,1787540379,Tennis,match winner,104381.59636940999,11.555818239092012,79606.6696,0.7626504323450783,1,0.8167948382962849,0,0,1.0,0.5666347410672473,1,Tennis
0x858bda7a49da1e503cbaf2245dfd6bc0e05ae8847e5d707b15307466a6a349f0,2026-08-24|monterrey open antonia ruzic|nikola bartunkova,1787541729,Tennis,match winner,183991.12547414,12.122648239339137,34890.2962,0.18963032108254504,1,0.435750274479366,0,0,1.0,0.8401267981878228,1,Tennis
0xaa66a976302d209e837891da2c492bfd19e500d9137218ac9690504edacc88d8,2026-08-24|monterrey open mayar sherif|oleksandra oliynykova,1787547360,Tennis,match winner,112560.0,11.631250575899482,37425.3,0.33249200426439235,1,0.05337266666666669,0,0,1.0,0.7505003687333331,1,Tennis
0xffce8ed60d88e144e457f87eeac58639d8aa4e10cbd563fb2ac60b8c5126ac8f,2026-08-24|augsburg andrej nedic|juan estevez,1787575831,Tennis,match winner,84318.9137049,11.342373340350804,-84329.2135,-1.000122152843857,0,0.5594966060478536,0,0,1.0,0.4831028358710879,1,Tennis
0x4f3f51bd7b310107f260e728770533022ad632903aa3407cb9f91ddd1777d533,2026-08-24|alliance|phantom academy,1787580144,Counter-Strike,series winner,350341.86031872,12.766667554880371,389839.7929,1.112741116763344,1,0.7235665320192187,0,0,1.0,0.47285622756756185,1,Counter-Strike
0x833f7b82dda61d54db8e0c7b4faab0407292647f7db88802fab6058068ed9342,2026-08-24|100 thieves|eternal fire,1787599480,Counter-Strike,series winner,7296.5308022399995,8.895291323649817,11497.7875,1.5757882494609954,1,0.016577395840351738,0,0,1.0,0.3882796505600115,1,Counter-Strike
0x7e30518fe626e4cef2e0555fa78bdce118cbbb06a6573176d008fbefa60d78e6,2026-08-24|boston red sox|miami marlins,1787617234,MLB,match winner,52049.90280724,10.8599774188925,28342.7535,0.5445303827936754,1,0.7519732581165222,0,0,1.0,0.4554105437983147,1,MLB
0x509cef93b73045eecb1deab095735180a8b9192ca000217be5515c0610babdc0,2026-08-24|lol fuego|zeu5 esports,1787624629,League of Legends,series winner,4998.430854030001,8.517079355743203,6445.5814,1.2895209693264496,1,0.7688990541167898,0,0,1.0,0.43633506105808995,1,League of Legends
0x738829004a8989c2a5bcddf14b705ebec99d4209b2256d0cb5870f2dc042caab,2026-08-25|pittsburgh pirates|san diego padres,1787629300,MLB,match winner,31444.474230900003,10.356010348145485,32871.5349,1.045383511857153,1,0.529180483981823,0,0,1.0,0.4889186958328503,1,MLB
0x20e102eac0aa751682b9b40d70883a3efdf7279f24c7f4e0e6b037e455bce061,2026-08-25|donna vekic|monterrey open diane parry,1787634426,Tennis,match winner,25512.970959839997,10.14698146189268,-25271.0996,-0.9905196709461738,0,0.5749159746318927,0,0,1.0,0.566929500512225,1,Tennis
